min_fitness,num_veh,avg_req,avg_dist,computing_time(min)
1694.856299131646,748,1.3368983957219251,279.3581387054136,19.276932430000063
