min_fitness,num_veh,avg_req,avg_dist,computing_time(min)
2441.5439631239237,732,1.366120218579235,307.08533698568135,22.667432143800003
