min_fitness,num_veh,avg_req,avg_dist,computing_time(min)
3148.0957045276014,761,1.314060446780552,276.41578025343756,27.62235790286668
