min_fitness,num_veh,avg_req,avg_dist,computing_time(min)
2121.676225097852,740,1.3513513513513513,295.1994945648263,19.669531067283362
