min_fitness,num_veh,avg_req,avg_dist,computing_time(min)
2214.154324270799,749,1.335113484646195,295.8748650170068,18.930638539949964
