min_fitness,num_veh,avg_req,avg_dist,computing_time(min)
4512.484613117945,755,1.3245033112582782,862.3729742008671,21.47395514781662
