min_fitness,num_veh,avg_req,avg_dist,computing_time(min)
4920.819399637442,778,1.2853470437017995,801.5463063002052,29.51899810506669
