min_fitness,num_veh,avg_req,avg_dist,computing_time(min)
6572.577458230941,628,3.995222929936306,1970.9950293219106,59.792839945933274
