min_fitness,num_veh,avg_req,avg_dist,computing_time(min)
3915.874879839231,775,1.2903225806451613,808.4065142219614,36.32850182001663
