min_fitness,num_veh,avg_req,avg_dist,computing_time(min)
4349.721589529599,758,1.3192612137203166,331.5493722211956,39.25734980716661
