min_fitness,num_veh,avg_req,avg_dist,computing_time(min)
6349.98391836908,758,1.3192612137203166,811.5724387475905,19.52074046893322
