min_fitness,num_veh,avg_req,avg_dist,computing_time(min)
5836.355968173241,771,1.297016861219196,796.3593717941876,19.167692149166637
