min_fitness,num_veh,avg_req,avg_dist,computing_time(min)
7417.115211690705,783,1.277139208173691,770.0426795403627,21.93641455686666
