min_fitness,num_veh,avg_req,avg_dist,computing_time(min)
8088.833651350182,771,1.297016861219196,785.0517013389599,20.96359767715015
