min_fitness,num_veh,avg_req,avg_dist,computing_time(min)
3868.72051313137,784,1.2755102040816326,774.7593797020677,19.658221872349774
