min_fitness,num_veh,avg_req,avg_dist,computing_time(min)
3424.6798079577834,759,1.3175230566534915,341.17567469457407,21.82298557614995
