min_fitness,num_veh,avg_req,avg_dist,computing_time(min)
3761.6735605365075,751,1.3315579227696406,347.1895659079516,32.97419868641664
