min_fitness,num_veh,avg_req,avg_dist,computing_time(min)
3352.999042607201,729,1.3717421124828533,359.78837533343454,23.412982577233198
