min_fitness,num_veh,avg_req,avg_dist,computing_time(min)
6056.8466004227985,741,1.349527665317139,375.17145559516786,20.858311250500023
