min_fitness,num_veh,avg_req,avg_dist,computing_time(min)
1710.9477746974248,801,1.2484394506866416,258.8503305431298,269.4355191527667
