min_fitness,num_veh,avg_req,avg_dist,computing_time(min)
4162.199222509944,772,1.2953367875647668,298.7355459524092,98.69663279436645
