min_fitness,num_veh,avg_req,avg_dist,computing_time(min)
6910.895663458451,756,1.3227513227513228,538.8017071125242,18.07156328049999
