min_fitness,num_veh,avg_req,avg_dist,computing_time(min)
7668.208201108001,744,1.3440860215053763,551.7720443658159,18.09689023363335
