min_fitness,num_veh,avg_req,avg_dist,computing_time(min)
7029.111252402241,734,1.3623978201634876,517.7378629506187,17.956195502599986
