min_fitness,num_veh,avg_req,avg_dist,computing_time(min)
7668.655514486946,740,1.3513513513513513,581.9045035677833,18.11831996171671
