min_fitness,num_veh,avg_req,avg_dist,computing_time(min)
8434.79320132302,758,1.3192612137203166,466.8204035686418,18.483517901850004
