min_fitness,num_veh,avg_req,avg_dist,computing_time(min)
9332.76258905656,772,1.2953367875647668,451.75621930695604,20.717545861733136
