min_fitness,num_veh,avg_req,avg_dist,computing_time(min)
7173.786390448616,761,1.314060446780552,488.1753186176723,24.36260575715011
