min_fitness,num_veh,avg_req,avg_dist,computing_time(min)
9552.562474281258,757,1.321003963011889,468.82640747586464,24.556502734883544
