min_fitness,num_veh,avg_req,avg_dist,computing_time(min)
7068.693316691569,763,1.3106159895150722,500.16451035922876,23.83755450836664
