min_fitness,num_veh,avg_req,avg_dist,computing_time(min)
7993.543919871887,769,1.3003901170351104,487.7102245082177,26.52772357115003
