min_fitness,num_veh,avg_req,avg_dist,computing_time(min)
7393.815227050873,736,1.358695652173913,530.1651195618751,18.253588024716496
