min_fitness,num_veh,avg_req,avg_dist,computing_time(min)
7525.203016554622,738,1.3550135501355014,601.8955288488451,20.52035113573341
