min_fitness,num_veh,avg_req,avg_dist,computing_time(min)
7202.805636007887,758,1.3192612137203166,422.73100995497435,17.763767038366737
