min_fitness,num_veh,avg_req,avg_dist,computing_time(min)
6993.14958905014,628,3.995222929936306,1913.476790965785,59.6803184749333
