min_fitness,num_veh,avg_req,avg_dist,computing_time(min)
7265.064152752448,758,1.3192612137203166,504.40421921166194,18.513095440300035
