min_fitness,num_veh,avg_req,avg_dist,computing_time(min)
7281.507115449636,735,1.3605442176870748,600.6431726362418,18.093097477299974
