min_fitness,num_veh,avg_req,avg_dist,computing_time(min)
6873.292530495202,734,1.3623978201634876,550.8912363857215,17.74563261225
