min_fitness,num_veh,avg_req,avg_dist,computing_time(min)
7383.374304105087,744,1.3440860215053763,549.8746580049303,18.231183046866683
