min_fitness,num_veh,avg_req,avg_dist,computing_time(min)
7455.792035918455,757,1.321003963011889,566.6390815225711,18.7326284440167
