min_fitness,num_veh,avg_req,avg_dist,computing_time(min)
2100.1009126198765,760,1.3157894736842106,270.3757028051078,18.767705253283324
