min_fitness,num_veh,avg_req,avg_dist,computing_time(min)
16443.63381788353,628,3.995222929936306,3294.1401468959693,22.21380140508336
