min_fitness,num_veh,avg_req,avg_dist,computing_time(min)
16331.660267297642,622,3.9983922829581995,3335.6511717991407,21.11186234229996
