min_fitness,num_veh,avg_req,avg_dist,computing_time(min)
16867.373280688447,615,3.995121951219512,3061.336445459001,20.7730496386
