min_fitness,num_veh,avg_req,avg_dist,computing_time(min)
17381.83671525986,615,3.9983739837398375,3500.671133553484,21.82191820851667
