min_fitness,num_veh,avg_req,avg_dist,computing_time(min)
19128.779628712113,631,3.995245641838352,3572.740159745326,22.620902782600023
