min_fitness,num_veh,avg_req,avg_dist,computing_time(min)
1666.0730605411063,737,1.3568521031207599,293.33167364251125,22.111600505733318
