min_fitness,num_veh,avg_req,avg_dist,computing_time(min)
6035.874804597063,769,1.3003901170351104,314.87779458971266,20.982121405666717
