min_fitness,num_veh,avg_req,avg_dist,computing_time(min)
4612.638063895331,759,1.3175230566534915,316.4803751281164,19.996751572050076
