min_fitness,num_veh,avg_req,avg_dist,computing_time(min)
4649.50656029145,747,1.3386880856760375,316.1201176208838,18.81656863081662
