min_fitness,num_veh,avg_req,avg_dist,computing_time(min)
4750.008599648874,745,1.342281879194631,344.2600465661182,18.57606690838329
