min_fitness,num_veh,avg_req,avg_dist,computing_time(min)
5214.023936019777,781,1.2804097311139564,300.5785914778466,19.893331160683253
