min_fitness,num_veh,avg_req,avg_dist,computing_time(min)
4403.8474952322995,745,1.342281879194631,308.7838370548062,18.57312242396656
