min_fitness,num_veh,avg_req,avg_dist,computing_time(min)
2221.7541526220107,765,1.3071895424836601,293.50143376649714,18.251900883149997
