min_fitness,num_veh,avg_req,avg_dist,computing_time(min)
3519.1319964312975,779,1.2836970474967908,290.644060658195,29.847607997716597
