min_fitness,num_veh,avg_req,avg_dist,computing_time(min)
3875.4112091876345,753,1.3280212483399734,301.20266152355583,17.681577174183378
