min_fitness,num_veh,avg_req,avg_dist,computing_time(min)
11826.703927030903,763,1.3106159895150722,841.2588543165217,36.944530871900014
