min_fitness,num_veh,avg_req,avg_dist,computing_time(min)
7363.293024793417,771,1.297016861219196,827.4252352922816,32.388749280633355
