min_fitness,num_veh,avg_req,avg_dist,computing_time(min)
5042.877309351703,622,3.9967845659163985,1307.1774320896604,135.12815765384997
