min_fitness,num_veh,avg_req,avg_dist,computing_time(min)
4815.027782979678,630,3.9952380952380953,1284.3763754640252,21.59053203179986
