min_fitness,num_veh,avg_req,avg_dist,computing_time(min)
4838.076471149593,648,3.9953703703703702,1313.0994251291665,22.830667286649987
