min_fitness,num_veh,avg_req,avg_dist,computing_time(min)
3936.576767358361,739,1.3531799729364005,353.995179585477,19.70196312843327
