min_fitness,num_veh,avg_req,avg_dist,computing_time(min)
4447.426814572516,737,1.3568521031207599,390.7138411864357,24.14005973088327
