min_fitness,num_veh,avg_req,avg_dist,computing_time(min)
2711.269485293499,769,1.3003901170351104,273.73169536296996,17.478693308549996
