min_fitness,num_veh,avg_req,avg_dist,computing_time(min)
2260.4396113244125,758,1.3192612137203166,280.8795907001669,17.055397765066665
