min_fitness,num_veh,avg_req,avg_dist,computing_time(min)
3913.5997908688455,744,1.3440860215053763,876.6823822341615,18.636646083949987
