min_fitness,num_veh,avg_req,avg_dist,computing_time(min)
3717.064195576615,775,1.2903225806451613,829.9540576023422,29.04879975955
