min_fitness,num_veh,avg_req,avg_dist,computing_time(min)
3436.096333098576,765,1.3071895424836601,831.4246728378879,28.733193286866662
