min_fitness,num_veh,avg_req,avg_dist,computing_time(min)
2985.484108133509,764,1.3089005235602094,827.4556576445332,18.28683795481678
