min_fitness,num_veh,avg_req,avg_dist,computing_time(min)
6256.316469588266,746,1.3404825737265416,854.7794807482811,18.533328213833254
