min_fitness,num_veh,avg_req,avg_dist,computing_time(min)
6475.933632547073,741,1.349527665317139,879.7194962061842,18.40977953361653
