min_fitness,num_veh,avg_req,avg_dist,computing_time(min)
7441.629031439877,779,1.2836970474967908,812.5878371879573,19.23766425636665
