min_fitness,num_veh,avg_req,avg_dist,computing_time(min)
6766.739017472773,752,1.3297872340425532,862.9030760195459,19.13790649679989
