min_fitness,num_veh,avg_req,avg_dist,computing_time(min)
5789.1609757215665,761,1.314060446780552,845.2749520958147,18.855908245833174
