min_fitness,num_veh,avg_req,avg_dist,computing_time(min)
3103.944446770056,733,1.364256480218281,306.3007510777534,13.32768677209994
