min_fitness,num_veh,avg_req,avg_dist,computing_time(min)
2574.6524236919895,740,1.3513513513513513,291.83240952112925,13.747729955032991
