min_fitness,num_veh,avg_req,avg_dist,computing_time(min)
2327.154307777632,753,1.3280212483399734,295.9004222357253,13.921297639266413
