min_fitness,num_veh,avg_req,avg_dist,computing_time(min)
2336.7315634383485,740,1.3513513513513513,292.3812839935413,13.417033175666681
