min_fitness,num_veh,avg_req,avg_dist,computing_time(min)
2443.571146317581,742,1.3477088948787062,295.6105418946713,13.597986857383269
