min_fitness,num_veh,avg_req,avg_dist,computing_time(min)
5064.396831733766,746,1.3404825737265416,881.6817062853775,19.7267682155667
