min_fitness,num_veh,avg_req,avg_dist,computing_time(min)
5015.761043309109,753,1.3280212483399734,858.874764652373,20.21808138221677
