min_fitness,num_veh,avg_req,avg_dist,computing_time(min)
5321.513896343507,770,1.2987012987012987,818.2140087301115,21.699874195083247
