min_fitness,num_veh,avg_req,avg_dist,computing_time(min)
5101.757430757203,756,1.3227513227513228,841.2622609344345,20.13007189514998
