min_fitness,num_veh,avg_req,avg_dist,computing_time(min)
4522.015775258722,764,1.3089005235602094,827.7053005673514,21.57229094363332
