min_fitness,num_veh,avg_req,avg_dist,computing_time(min)
7560.349450940359,250,4.0,1120.9865819494864,18.891632707199946
