min_fitness,num_veh,avg_req,avg_dist,computing_time(min)
6851.35517451026,250,4.0,1134.4190640813576,21.644858397116696
