min_fitness,num_veh,avg_req,avg_dist,computing_time(min)
6901.7074865913955,250,4.0,1143.5484289962542,21.14814563438328
