min_fitness,num_veh,avg_req,avg_dist,computing_time(min)
7040.285343071062,250,4.0,1139.3466925336047,18.980452382350027
