min_fitness,num_veh,avg_req,avg_dist,computing_time(min)
6957.9494404484285,250,4.0,1132.4207351138627,17.219019627716627
