min_fitness,num_veh,avg_req,avg_dist,computing_time(min)
2779.3489373514685,740,1.3513513513513513,293.06466267806184,17.961982983650007
