min_fitness,num_veh,avg_req,avg_dist,computing_time(min)
2309.9824491921786,743,1.3458950201884252,295.64514040086664,19.959730454900015
