min_fitness,num_veh,avg_req,avg_dist,computing_time(min)
3945.350740595749,773,1.2936610608020698,813.7918979449303,20.746178341133326
