min_fitness,num_veh,avg_req,avg_dist,computing_time(min)
4585.2343764149655,775,1.2903225806451613,812.1469195225258,18.43706823933341
