min_fitness,num_veh,avg_req,avg_dist,computing_time(min)
4552.766069873401,769,1.3003901170351104,810.2312566270516,21.072160783266646
