min_fitness,num_veh,avg_req,avg_dist,computing_time(min)
1285.3993596148446,746,1.3404825737265416,297.0203882992118,17.43945821410004
