min_fitness,num_veh,avg_req,avg_dist,computing_time(min)
9838.481707223982,628,3.995222929936306,1962.4949841546622,21.65722217679989
