min_fitness,num_veh,avg_req,avg_dist,computing_time(min)
7454.666486761445,622,3.9983922829581995,1964.832692872941,20.82863778005
