min_fitness,num_veh,avg_req,avg_dist,computing_time(min)
8574.552979996733,615,3.995121951219512,1916.500203328782,21.576761804783352
