min_fitness,num_veh,avg_req,avg_dist,computing_time(min)
12730.033804749337,615,3.9983739837398375,2019.3235732825708,23.424455648749998
