min_fitness,num_veh,avg_req,avg_dist,computing_time(min)
8401.93893410567,631,3.995245641838352,2067.3793429760717,23.362567865749952
