min_fitness,num_veh,avg_req,avg_dist,computing_time(min)
3200.4183642391267,737,1.3568521031207599,318.58744774910195,41.01705315826669
