min_fitness,num_veh,avg_req,avg_dist,computing_time(min)
1465.7261719066146,757,1.321003963011889,297.6851373349366,36.253560985183384
