min_fitness,num_veh,avg_req,avg_dist,computing_time(min)
1131.7678030087259,770,1.2987012987012987,288.32502755621147,19.743713546933336
