min_fitness,num_veh,avg_req,avg_dist,computing_time(min)
1208.7841179476584,784,1.2755102040816326,280.66899878152384,31.612661571850065
