min_fitness,num_veh,avg_req,avg_dist,computing_time(min)
4388.050778759777,736,1.358695652173913,314.86134607440255,20.26537515333342
