min_fitness,num_veh,avg_req,avg_dist,computing_time(min)
3521.81440236043,744,1.3440860215053763,880.0256120022533,18.991309109116628
