min_fitness,num_veh,avg_req,avg_dist,computing_time(min)
3856.454530527699,750,1.3333333333333333,860.6426035150347,18.149927408716636
