min_fitness,num_veh,avg_req,avg_dist,computing_time(min)
3474.6013179844444,767,1.303780964797914,843.5129262275227,19.072212939066596
