min_fitness,num_veh,avg_req,avg_dist,computing_time(min)
3304.5976593865134,748,1.3368983957219251,860.8130369061469,19.263184570916685
