min_fitness,num_veh,avg_req,avg_dist,computing_time(min)
3569.222515437272,765,1.3071895424836601,830.6976162428108,19.120463784483338
