min_fitness,num_veh,avg_req,avg_dist,computing_time(min)
2363.120903442392,745,1.342281879194631,294.29066221462153,17.608468882233318
