min_fitness,num_veh,avg_req,avg_dist,computing_time(min)
8066.426063182528,748,1.3368983957219251,876.052376755281,18.160320134083364
