min_fitness,num_veh,avg_req,avg_dist,computing_time(min)
5114.28238787852,747,1.3386880856760375,873.5258457649353,18.154931171433297
