min_fitness,num_veh,avg_req,avg_dist,computing_time(min)
8397.419553196987,766,1.3054830287206267,849.1420116920024,23.005618711116647
