min_fitness,num_veh,avg_req,avg_dist,computing_time(min)
6853.496888419578,767,1.303780964797914,834.0483741408951,20.09986169278321
