min_fitness,num_veh,avg_req,avg_dist,computing_time(min)
3342.474045026599,759,1.3175230566534915,280.8483898983453,17.650595089466666
