min_fitness,num_veh,avg_req,avg_dist,computing_time(min)
2253.8359127624863,779,1.2836970474967908,277.9233244615672,18.431769804966674
