min_fitness,num_veh,avg_req,avg_dist,computing_time(min)
2119.8222838239685,793,1.2610340479192939,269.7318671801195,18.708978244183346
