min_fitness,num_veh,avg_req,avg_dist,computing_time(min)
2518.353182744301,770,1.2987012987012987,279.48946154259926,18.20477194794997
