min_fitness,num_veh,avg_req,avg_dist,computing_time(min)
2527.563226770127,763,1.3106159895150722,276.58107544967623,18.070296546433323
