min_fitness,num_veh,avg_req,avg_dist,computing_time(min)
4727.389314028817,768,1.3020833333333333,305.281139418515,20.24648919946667
