min_fitness,num_veh,avg_req,avg_dist,computing_time(min)
4102.5912097692535,766,1.3054830287206267,306.40309908092183,20.633558991349975
