min_fitness,num_veh,avg_req,avg_dist,computing_time(min)
4087.070734232557,750,1.3333333333333333,309.68346758619674,20.364633703166692
