min_fitness,num_veh,avg_req,avg_dist,computing_time(min)
3515.7199350875508,751,1.3315579227696406,337.97890507891964,18.70932363235006
