min_fitness,num_veh,avg_req,avg_dist,computing_time(min)
2936.880360255937,781,1.2804097311139564,302.7779852864905,20.037351977733366
