min_fitness,num_veh,avg_req,avg_dist,computing_time(min)
2373.973335888316,731,1.3679890560875514,309.99238012989747,12.693126717916796
