min_fitness,num_veh,avg_req,avg_dist,computing_time(min)
2670.652413680009,750,1.3333333333333333,290.2863618384677,12.810771977499826
