min_fitness,num_veh,avg_req,avg_dist,computing_time(min)
2777.0337120723943,744,1.3440860215053763,294.81750750769544,12.959316837499985
