min_fitness,num_veh,avg_req,avg_dist,computing_time(min)
2621.900333929278,743,1.3458950201884252,295.0898697308709,13.053788902183442
