min_fitness,num_veh,avg_req,avg_dist,computing_time(min)
2933.942836132341,752,1.3297872340425532,295.9856769617031,12.87532445755011
