min_fitness,num_veh,avg_req,avg_dist,computing_time(min)
3471.780666518586,759,1.3175230566534915,284.1474074603171,17.641587036033282
