min_fitness,num_veh,avg_req,avg_dist,computing_time(min)
1917.581703148587,764,1.3089005235602094,294.05673108627406,12.035455870916667
