min_fitness,num_veh,avg_req,avg_dist,computing_time(min)
1608.840390538059,774,1.2919896640826873,285.3054801607433,12.256229085466687
