min_fitness,num_veh,avg_req,avg_dist,computing_time(min)
1672.369202896205,760,1.3157894736842106,299.87820768680285,12.083135253700009
