min_fitness,num_veh,avg_req,avg_dist,computing_time(min)
1806.733301953142,769,1.3003901170351104,289.35988095929787,11.902524115650007
