min_fitness,num_veh,avg_req,avg_dist,computing_time(min)
1566.3372512661704,776,1.288659793814433,283.0872479639152,11.937679152949991
