min_fitness,num_veh,avg_req,avg_dist,computing_time(min)
5090.842630845536,740,1.3513513513513513,362.9146060491604,21.71316401498334
