min_fitness,num_veh,avg_req,avg_dist,computing_time(min)
5574.513768493731,737,1.3568521031207599,352.3080771711422,24.95847373363334
