min_fitness,num_veh,avg_req,avg_dist,computing_time(min)
4193.282351633679,727,1.375515818431912,360.62622294775247,24.68266924983327
