min_fitness,num_veh,avg_req,avg_dist,computing_time(min)
8402.165243024087,740,1.3513513513513513,376.79132302847427,20.377617409050192
