min_fitness,num_veh,avg_req,avg_dist,computing_time(min)
4230.085507809961,760,1.3157894736842106,350.04381129522955,25.59271964539997
