min_fitness,num_veh,avg_req,avg_dist,computing_time(min)
2940.4091294786786,772,1.2953367875647668,304.36595581781904,21.155875146333226
