min_fitness,num_veh,avg_req,avg_dist,computing_time(min)
4590.597131937875,762,1.3123359580052494,303.8717331571314,37.40296135751657
