min_fitness,num_veh,avg_req,avg_dist,computing_time(min)
4723.649851366565,750,1.3333333333333333,325.66810597455253,21.404559895833277
