min_fitness,num_veh,avg_req,avg_dist,computing_time(min)
3460.7093352267566,757,1.321003963011889,323.1416323732175,23.627819148233296
