min_fitness,num_veh,avg_req,avg_dist,computing_time(min)
1886.4089344223307,771,1.297016861219196,273.91361660012353,22.52134847063329
