min_fitness,num_veh,avg_req,avg_dist,computing_time(min)
1206.1512703774745,771,1.297016861219196,275.9101066798509,18.638132401666667
