min_fitness,num_veh,avg_req,avg_dist,computing_time(min)
16326.583128781207,628,3.995222929936306,3258.3361926918956,59.670652050433276
