min_fitness,num_veh,avg_req,avg_dist,computing_time(min)
2607.6472387970034,746,1.3404825737265416,308.34870490207595,12.78393344586657
