min_fitness,num_veh,avg_req,avg_dist,computing_time(min)
2784.4361219669463,760,1.3157894736842106,298.48631616246365,12.979461940583132
