min_fitness,num_veh,avg_req,avg_dist,computing_time(min)
1686.4971898167169,782,1.278772378516624,288.15887159613635,13.184071717583477
