min_fitness,num_veh,avg_req,avg_dist,computing_time(min)
2203.0493389286694,760,1.3157894736842106,298.5860919806394,12.800687482233721
