min_fitness,num_veh,avg_req,avg_dist,computing_time(min)
2016.049820755419,756,1.3227513227513228,301.7836295836264,12.815452268716763
