min_fitness,num_veh,avg_req,avg_dist,computing_time(min)
4513.064724898532,766,1.3054830287206267,330.7508906880239,25.887200753866637
