min_fitness,num_veh,avg_req,avg_dist,computing_time(min)
2739.289287346512,745,1.342281879194631,340.4514148854833,23.664415351966696
