min_fitness,num_veh,avg_req,avg_dist,computing_time(min)
3483.6057935762287,731,1.3679890560875514,348.74045055930446,26.682167141300063
