min_fitness,num_veh,avg_req,avg_dist,computing_time(min)
4586.609458417251,737,1.3568521031207599,368.121195151444,23.163653885749955
