min_fitness,num_veh,avg_req,avg_dist,computing_time(min)
3081.965360401091,751,1.3315579227696406,342.16587631631523,24.449171688833303
