min_fitness,num_veh,avg_req,avg_dist,computing_time(min)
3698.6740963391617,785,1.2738853503184713,802.6490314707844,55.531494474449936
