min_fitness,num_veh,avg_req,avg_dist,computing_time(min)
9925.68371057224,759,1.3175230566534915,844.7520184995602,0.32015495553332585
