min_fitness,num_veh,avg_req,avg_dist,computing_time(min)
4317.3427899119015,790,1.2658227848101267,785.6627796529508,26.607787947866687
