min_fitness,num_veh,avg_req,avg_dist,computing_time(min)
3783.32026416625,786,1.272264631043257,788.569408484676,18.081859986733132
