min_fitness,num_veh,avg_req,avg_dist,computing_time(min)
5578.778249889052,746,1.3404825737265416,871.5511999276786,21.702539204366683
