min_fitness,num_veh,avg_req,avg_dist,computing_time(min)
5657.595853265313,750,1.3333333333333333,847.9960986621676,20.452430087316678
