min_fitness,num_veh,avg_req,avg_dist,computing_time(min)
6567.636047169584,770,1.2987012987012987,820.4915727625156,21.31672927281664
