min_fitness,num_veh,avg_req,avg_dist,computing_time(min)
5298.629807082077,745,1.342281879194631,862.1214829317846,27.327960075899984
