min_fitness,num_veh,avg_req,avg_dist,computing_time(min)
4790.7305656908775,759,1.3175230566534915,837.205587958334,18.919972796649866
