min_fitness,num_veh,avg_req,avg_dist,computing_time(min)
18719.204045348033,628,3.995222929936306,3213.396651020785,22.834617838483247
