min_fitness,num_veh,avg_req,avg_dist,computing_time(min)
17506.66390730039,622,3.9983922829581995,3286.001748531148,21.787190941483278
