min_fitness,num_veh,avg_req,avg_dist,computing_time(min)
15925.729394287653,615,3.995121951219512,3006.9459135994457,21.47893501451669
