min_fitness,num_veh,avg_req,avg_dist,computing_time(min)
19200.32058005917,615,3.9983739837398375,3363.2634134252985,25.61001113926667
