min_fitness,num_veh,avg_req,avg_dist,computing_time(min)
19153.2819789714,631,3.995245641838352,3511.6598157186927,22.914847222133417
