min_fitness,num_veh,avg_req,avg_dist,computing_time(min)
6018.320610885161,750,1.3333333333333333,860.327116225023,18.230018029799975
