min_fitness,num_veh,avg_req,avg_dist,computing_time(min)
7337.801258749727,738,1.3550135501355014,888.9763512213757,18.17225782234988
