min_fitness,num_veh,avg_req,avg_dist,computing_time(min)
7593.076958426494,772,1.2953367875647668,818.8906823278419,18.929561616883195
