min_fitness,num_veh,avg_req,avg_dist,computing_time(min)
6663.222599648396,750,1.3333333333333333,863.737243049177,18.618029311366747
