min_fitness,num_veh,avg_req,avg_dist,computing_time(min)
6329.003619656828,756,1.3227513227513228,848.4635956223465,18.814135815199794
