min_fitness,num_veh,avg_req,avg_dist,computing_time(min)
3760.784506554139,740,1.3513513513513513,316.9624326096442,13.103843523633259
