min_fitness,num_veh,avg_req,avg_dist,computing_time(min)
2741.1431949885564,745,1.342281879194631,305.54424089342797,13.352470049350085
