min_fitness,num_veh,avg_req,avg_dist,computing_time(min)
2676.779044205762,734,1.3623978201634876,320.30524659661154,12.886206790833239
