min_fitness,num_veh,avg_req,avg_dist,computing_time(min)
1782.336221788779,750,1.3333333333333333,307.31699221876596,12.859558972666612
