min_fitness,num_veh,avg_req,avg_dist,computing_time(min)
3805.974759822245,753,1.3280212483399734,303.52466767278855,13.023242043466599
