min_fitness,num_veh,avg_req,avg_dist,computing_time(min)
3907.242569302015,735,1.3605442176870748,316.3391703375622,17.78044850535001
