min_fitness,num_veh,avg_req,avg_dist,computing_time(min)
3665.654841656017,744,1.3440860215053763,306.9169434019782,22.632574942966645
