min_fitness,num_veh,avg_req,avg_dist,computing_time(min)
2693.968549919603,740,1.3513513513513513,313.2347507923335,17.838282641583344
