min_fitness,num_veh,avg_req,avg_dist,computing_time(min)
3554.0803489022337,751,1.3315579227696406,301.1372728646728,21.22216022605001
