min_fitness,num_veh,avg_req,avg_dist,computing_time(min)
3119.4074689596646,781,1.2804097311139564,296.66147230843774,18.367564417616677
