min_fitness,num_veh,avg_req,avg_dist,computing_time(min)
3057.3130477705868,766,1.3054830287206267,308.27234858762915,17.246064236450003
