min_fitness,num_veh,avg_req,avg_dist,computing_time(min)
3563.8902705961145,756,1.3227513227513228,310.03605832804976,18.030821880599994
