min_fitness,num_veh,avg_req,avg_dist,computing_time(min)
4831.143438998361,748,1.3368983957219251,341.18534109362736,17.726416175583335
