min_fitness,num_veh,avg_req,avg_dist,computing_time(min)
4041.4842303954993,774,1.2919896640826873,310.8305418128195,18.11053024726666
