min_fitness,num_veh,avg_req,avg_dist,computing_time(min)
2855.0514304607905,747,1.3386880856760375,305.50502791176626,20.031023466833236
