min_fitness,num_veh,avg_req,avg_dist,computing_time(min)
4250.163947978853,250,4.0,1286.9145973202274,16.020401414666654
