min_fitness,num_veh,avg_req,avg_dist,computing_time(min)
4349.817164747713,250,4.0,1282.960323743175,15.330386446316698
