min_fitness,num_veh,avg_req,avg_dist,computing_time(min)
4434.42574948648,250,4.0,1305.1022954958542,16.071502655649965
