min_fitness,num_veh,avg_req,avg_dist,computing_time(min)
4113.428413909617,250,4.0,1289.0726860892419,15.450603799450013
