min_fitness,num_veh,avg_req,avg_dist,computing_time(min)
4590.065543856731,250,4.0,1280.527840593286,16.629706003250007
