min_fitness,num_veh,avg_req,avg_dist,computing_time(min)
3972.25369226834,750,1.3333333333333333,870.9681958686948,22.65322287116663
