min_fitness,num_veh,avg_req,avg_dist,computing_time(min)
3681.488147853206,756,1.3227513227513228,856.1536647963576,22.459978558249954
