min_fitness,num_veh,avg_req,avg_dist,computing_time(min)
3299.7229912701387,785,1.2738853503184713,814.7711068312826,18.812934013133297
