min_fitness,num_veh,avg_req,avg_dist,computing_time(min)
3909.323501983797,759,1.3175230566534915,847.5911945397938,24.00750387850009
