min_fitness,num_veh,avg_req,avg_dist,computing_time(min)
3187.4790909477383,775,1.2903225806451613,814.5914065434749,19.21486673841658
