min_fitness,num_veh,avg_req,avg_dist,computing_time(min)
4121.753067430773,622,3.9967845659163985,1208.0020783518582,44.75180007616667
