min_fitness,num_veh,avg_req,avg_dist,computing_time(min)
4307.708823764187,630,3.9952380952380953,1236.830632915887,21.930522088966487
