min_fitness,num_veh,avg_req,avg_dist,computing_time(min)
4272.293003607514,648,3.9953703703703702,1236.1260745569837,23.331477179266706
