min_fitness,num_veh,avg_req,avg_dist,computing_time(min)
4204.850138265761,748,1.3368983957219251,389.35282514885006,20.481933523016536
