min_fitness,num_veh,avg_req,avg_dist,computing_time(min)
3931.4185581791426,748,1.3368983957219251,346.897708628988,20.1236185138497
