min_fitness,num_veh,avg_req,avg_dist,computing_time(min)
3051.8474020546464,746,1.3404825737265416,351.0925205832692,22.39760729940026
