min_fitness,num_veh,avg_req,avg_dist,computing_time(min)
4137.897124211049,744,1.3440860215053763,370.6096417962855,19.908997117799785
