min_fitness,num_veh,avg_req,avg_dist,computing_time(min)
4831.308770670797,753,1.3280212483399734,370.7007698456261,19.761871672566727
