min_fitness,num_veh,avg_req,avg_dist,computing_time(min)
10128.828260025646,628,3.995222929936306,1996.7199041174601,22.185932556783275
