min_fitness,num_veh,avg_req,avg_dist,computing_time(min)
8588.84188326843,622,3.9983922829581995,1997.26425843688,21.577830686349866
