min_fitness,num_veh,avg_req,avg_dist,computing_time(min)
8292.569023104123,615,3.995121951219512,1900.0039443888013,20.929379807316703
