min_fitness,num_veh,avg_req,avg_dist,computing_time(min)
6880.606975051306,615,3.9983739837398375,2073.8848730906207,21.656301450866657
