min_fitness,num_veh,avg_req,avg_dist,computing_time(min)
7484.819912142658,631,3.995245641838352,2106.0967427452674,22.584687609649944
