min_fitness,num_veh,avg_req,avg_dist,computing_time(min)
2800.3086307674816,774,1.2919896640826873,308.793724591648,39.43065052726694
