min_fitness,num_veh,avg_req,avg_dist,computing_time(min)
3351.328478129695,749,1.335113484646195,285.0548083128543,12.375446198600002
