min_fitness,num_veh,avg_req,avg_dist,computing_time(min)
3971.1626454305488,763,1.3106159895150722,273.4724949098015,12.614087499449973
