min_fitness,num_veh,avg_req,avg_dist,computing_time(min)
2077.4237813541768,754,1.3262599469496021,288.0672631114135,12.519694740933362
