min_fitness,num_veh,avg_req,avg_dist,computing_time(min)
2319.8038278099557,750,1.3333333333333333,281.8767299064143,12.526054772999972
