min_fitness,num_veh,avg_req,avg_dist,computing_time(min)
2587.385082714168,761,1.314060446780552,281.6026751830893,12.550555731833326
