min_fitness,num_veh,avg_req,avg_dist,computing_time(min)
1404.2409668126788,743,1.3458950201884252,294.90677528462777,19.827764167250038
