min_fitness,num_veh,avg_req,avg_dist,computing_time(min)
1555.2890129970149,765,1.3071895424836601,286.04335749518276,18.266936174466657
