min_fitness,num_veh,avg_req,avg_dist,computing_time(min)
1807.7509286885688,787,1.2706480304955527,274.56430677094744,36.31323618706665
