min_fitness,num_veh,avg_req,avg_dist,computing_time(min)
1624.8266869708,753,1.3280212483399734,285.1295565071106,21.402992398933325
