min_fitness,num_veh,avg_req,avg_dist,computing_time(min)
2115.4691104848266,744,1.3440860215053763,290.36919992909594,18.095154791133368
