min_fitness,num_veh,avg_req,avg_dist,computing_time(min)
1505.8267431492332,739,1.3531799729364005,313.2320234976805,29.709831385666668
