min_fitness,num_veh,avg_req,avg_dist,computing_time(min)
1433.3587487488062,747,1.3386880856760375,300.8387899211866,18.316299440249956
