min_fitness,num_veh,avg_req,avg_dist,computing_time(min)
2559.388105745333,755,1.3245033112582782,304.7584405889813,19.111290673466648
