min_fitness,num_veh,avg_req,avg_dist,computing_time(min)
4225.496714944639,763,1.3106159895150722,836.6605658849106,20.62820071736678
