min_fitness,num_veh,avg_req,avg_dist,computing_time(min)
3775.883247017621,775,1.2903225806451613,807.0138952007243,21.302266370949898
