min_fitness,num_veh,avg_req,avg_dist,computing_time(min)
4695.901747808442,794,1.2594458438287153,780.4469627806488,18.60285331549991
