min_fitness,num_veh,avg_req,avg_dist,computing_time(min)
4230.6397495034425,788,1.2690355329949239,781.3258326069807,21.984107387899954
