min_fitness,num_veh,avg_req,avg_dist,computing_time(min)
4964.846329395648,780,1.2820512820512822,798.5938506247729,19.73436525866661
