min_fitness,num_veh,avg_req,avg_dist,computing_time(min)
4087.2610304124755,749,1.335113484646195,355.4369863041006,23.476569946733314
