min_fitness,num_veh,avg_req,avg_dist,computing_time(min)
3213.798157341972,752,1.3297872340425532,343.7167610117014,21.610491365799923
