min_fitness,num_veh,avg_req,avg_dist,computing_time(min)
3429.2930008977582,731,1.3679890560875514,367.7292618522905,19.88379986960002
