min_fitness,num_veh,avg_req,avg_dist,computing_time(min)
3945.2799015556584,732,1.366120218579235,375.9959597256382,20.022368132866664
