min_fitness,num_veh,avg_req,avg_dist,computing_time(min)
5772.86089426723,755,1.3245033112582782,362.53033707545876,20.64336841893334
