min_fitness,num_veh,avg_req,avg_dist,computing_time(min)
7496.533754036431,766,1.3054830287206267,821.6096052762559,19.65572484873325
