min_fitness,num_veh,avg_req,avg_dist,computing_time(min)
5473.547248780938,776,1.288659793814433,801.8104220590081,19.08812902514995
