min_fitness,num_veh,avg_req,avg_dist,computing_time(min)
4321.218385477516,797,1.2547051442910917,775.0800830296888,20.503549230666735
