min_fitness,num_veh,avg_req,avg_dist,computing_time(min)
4802.194014322646,774,1.2919896640826873,798.1548617884079,18.745044149016636
