min_fitness,num_veh,avg_req,avg_dist,computing_time(min)
3372.5275576433332,778,1.2853470437017995,809.5243889661926,18.959835757683322
