min_fitness,num_veh,avg_req,avg_dist,computing_time(min)
10088.668425482301,762,1.3123359580052494,807.0669362167442,18.89492115226676
