min_fitness,num_veh,avg_req,avg_dist,computing_time(min)
6054.520851679352,772,1.2953367875647668,790.1219946416542,19.163396773949838
