min_fitness,num_veh,avg_req,avg_dist,computing_time(min)
5621.228084149399,789,1.267427122940431,766.0168464789349,20.764827033733308
