min_fitness,num_veh,avg_req,avg_dist,computing_time(min)
5972.160376223568,778,1.2853470437017995,777.7981534818157,21.240976561616602
