min_fitness,num_veh,avg_req,avg_dist,computing_time(min)
4428.00037223333,783,1.277139208173691,776.2163913809211,19.408406353183334
