min_fitness,num_veh,avg_req,avg_dist,computing_time(min)
2550.7204346714866,734,1.3623978201634876,316.53982614819563,21.654512241383298
