min_fitness,num_veh,avg_req,avg_dist,computing_time(min)
16180.839664076699,621,3.996779388083736,3601.198755609731,21.04493226813332
