min_fitness,num_veh,avg_req,avg_dist,computing_time(min)
17969.060041802433,621,3.998389694041868,3648.6629130686874,21.892661722766693
