min_fitness,num_veh,avg_req,avg_dist,computing_time(min)
16541.901959957595,642,3.9968847352024923,3651.248517660684,23.167307825883334
