min_fitness,num_veh,avg_req,avg_dist,computing_time(min)
16008.291839377518,629,3.9968203497615264,3555.0142165132465,22.18794834721666
