min_fitness,num_veh,avg_req,avg_dist,computing_time(min)
1125.952517156421,748,1.3368983957219251,301.0423118345021,17.097453658266673
