min_fitness,num_veh,avg_req,avg_dist,computing_time(min)
1146.3305411135157,758,1.3192612137203166,288.3580523924239,17.774655629283323
