min_fitness,num_veh,avg_req,avg_dist,computing_time(min)
1020.4955494847468,779,1.2836970474967908,283.6650187307913,18.68627778338332
