min_fitness,num_veh,avg_req,avg_dist,computing_time(min)
1156.073297510206,765,1.3071895424836601,287.4672829417874,18.62308154253336
