min_fitness,num_veh,avg_req,avg_dist,computing_time(min)
1239.6347982498385,759,1.3175230566534915,288.8368148594765,17.923095076099994
