min_fitness,num_veh,avg_req,avg_dist,computing_time(min)
2927.6760057207957,749,1.335113484646195,289.5522825558417,20.076219638149997
