min_fitness,num_veh,avg_req,avg_dist,computing_time(min)
4012.375043959997,736,1.358695652173913,376.84153356401214,37.586450929899975
