min_fitness,num_veh,avg_req,avg_dist,computing_time(min)
5094.623543630909,750,1.3333333333333333,366.0630911207216,18.098507080916654
