min_fitness,num_veh,avg_req,avg_dist,computing_time(min)
2133.838191879438,746,1.3404825737265416,309.5902826010487,18.511046556616687
