min_fitness,num_veh,avg_req,avg_dist,computing_time(min)
2574.8614966955915,752,1.3297872340425532,302.82751632749245,18.859277936999995
