min_fitness,num_veh,avg_req,avg_dist,computing_time(min)
3352.1484737113947,784,1.2755102040816326,286.1425479266718,21.108006318133327
