min_fitness,num_veh,avg_req,avg_dist,computing_time(min)
2985.7923455811697,750,1.3333333333333333,305.59358512171406,19.324964543333287
