min_fitness,num_veh,avg_req,avg_dist,computing_time(min)
2065.2190729223967,755,1.3245033112582782,301.2043276449097,20.605587348966644
