min_fitness,num_veh,avg_req,avg_dist,computing_time(min)
7539.0741245952995,751,1.3315579227696406,819.040849270916,23.38123476068328
