min_fitness,num_veh,avg_req,avg_dist,computing_time(min)
7628.439124955781,769,1.3003901170351104,797.8206817633053,18.70104814423333
