min_fitness,num_veh,avg_req,avg_dist,computing_time(min)
8976.458296547415,780,1.2820512820512822,775.3502619124428,19.83821277624999
