min_fitness,num_veh,avg_req,avg_dist,computing_time(min)
5476.049634008067,768,1.3020833333333333,786.6130626542548,25.838405669183338
