min_fitness,num_veh,avg_req,avg_dist,computing_time(min)
6522.984985109237,777,1.287001287001287,770.7731822568585,19.518271842666582
