min_fitness,num_veh,avg_req,avg_dist,computing_time(min)
2080.051867480548,758,1.3192612137203166,281.14964780540373,12.691650976383244
