min_fitness,num_veh,avg_req,avg_dist,computing_time(min)
1669.3699418647027,782,1.278772378516624,268.29688821415806,12.66922319868366
