min_fitness,num_veh,avg_req,avg_dist,computing_time(min)
1376.6701847296786,795,1.2578616352201257,271.6892289782372,13.199183438016432
