min_fitness,num_veh,avg_req,avg_dist,computing_time(min)
1134.4315254298608,777,1.287001287001287,269.3202657246282,12.602946283583394
