min_fitness,num_veh,avg_req,avg_dist,computing_time(min)
1668.9928767763183,761,1.314060446780552,277.9963661999774,12.636811241333392
