min_fitness,num_veh,avg_req,avg_dist,computing_time(min)
2330.19773327143,730,1.36986301369863,300.4686797444489,12.594293886050036
