min_fitness,num_veh,avg_req,avg_dist,computing_time(min)
3365.985688087454,747,1.3386880856760375,291.2816797678775,12.793230780299988
