min_fitness,num_veh,avg_req,avg_dist,computing_time(min)
2057.70629485964,742,1.3477088948787062,301.9066337790466,12.560157953649954
