min_fitness,num_veh,avg_req,avg_dist,computing_time(min)
2515.0035455842335,745,1.342281879194631,295.9229851432859,12.670644642516647
