min_fitness,num_veh,avg_req,avg_dist,computing_time(min)
3161.809813382435,750,1.3333333333333333,293.10831628714675,12.724351930150018
