min_fitness,num_veh,avg_req,avg_dist,computing_time(min)
2413.807341831225,762,1.3123359580052494,280.24550607000947,19.69489490641669
