min_fitness,num_veh,avg_req,avg_dist,computing_time(min)
1942.7112468315688,768,1.3020833333333333,278.22103170628867,18.254093935883308
