min_fitness,num_veh,avg_req,avg_dist,computing_time(min)
2161.2217525910787,784,1.2755102040816326,268.57899650082766,32.33551347318328
