min_fitness,num_veh,avg_req,avg_dist,computing_time(min)
6863.727528100852,756,1.3227513227513228,857.6812667143938,20.19923692166655
