min_fitness,num_veh,avg_req,avg_dist,computing_time(min)
7533.834796964229,612,4.0,1131.6551020521601,86.77679961208332
