min_fitness,num_veh,avg_req,avg_dist,computing_time(min)
7359.570234500836,622,4.0,1132.2468479367324,21.13565222716667
