min_fitness,num_veh,avg_req,avg_dist,computing_time(min)
7541.742671343289,619,3.996768982229402,1143.6657148183274,21.347665150933366
