min_fitness,num_veh,avg_req,avg_dist,computing_time(min)
7139.533625709384,628,3.998407643312102,1117.5123470093688,22.361462753816642
