min_fitness,num_veh,avg_req,avg_dist,computing_time(min)
15882.2673884562,621,3.996779388083736,3614.549531236625,22.45194138579997
