min_fitness,num_veh,avg_req,avg_dist,computing_time(min)
15508.66568931307,621,3.998389694041868,3643.302380048998,21.617413088916752
