min_fitness,num_veh,avg_req,avg_dist,computing_time(min)
14965.095729745193,642,3.9968847352024923,3633.83719196601,22.721573531083322
