min_fitness,num_veh,avg_req,avg_dist,computing_time(min)
12228.256610575889,629,3.9968203497615264,3613.237495592094,23.500590440949964
