min_fitness,num_veh,avg_req,avg_dist,computing_time(min)
9622.185594531393,763,1.3106159895150722,482.3101736102257,18.190592907683335
