min_fitness,num_veh,avg_req,avg_dist,computing_time(min)
7004.899836497823,773,1.2936610608020698,422.24350378053873,18.04434916834998
