min_fitness,num_veh,avg_req,avg_dist,computing_time(min)
7572.788640553772,753,1.3280212483399734,498.7792015736411,17.862342076383324
