min_fitness,num_veh,avg_req,avg_dist,computing_time(min)
11163.467966933124,763,1.3106159895150722,506.03392485581765,17.75226459105
