min_fitness,num_veh,avg_req,avg_dist,computing_time(min)
8198.42001382999,780,1.2820512820512822,432.3030774418222,18.353937137650004
