min_fitness,num_veh,avg_req,avg_dist,computing_time(min)
5609.462471010832,747,1.3386880856760375,886.8947148297966,36.17451507249983
