min_fitness,num_veh,avg_req,avg_dist,computing_time(min)
4799.357708985638,612,4.0,1291.3551948189324,109.80553853655002
