min_fitness,num_veh,avg_req,avg_dist,computing_time(min)
4792.180451971224,622,4.0,1290.7390594609105,21.508876645166552
