min_fitness,num_veh,avg_req,avg_dist,computing_time(min)
4854.5960011587,619,3.996768982229402,1311.14263031902,20.927817761349917
