min_fitness,num_veh,avg_req,avg_dist,computing_time(min)
4471.0739749825425,628,3.998407643312102,1280.138190794258,22.49544190409991
