min_fitness,num_veh,avg_req,avg_dist,computing_time(min)
3020.7151227139666,779,1.2836970474967908,295.12235719379686,59.23215899013327
