min_fitness,num_veh,avg_req,avg_dist,computing_time(min)
4044.2220725321527,759,1.3175230566534915,307.34445576437776,21.017918145933315
