min_fitness,num_veh,avg_req,avg_dist,computing_time(min)
4263.08451250521,744,1.3440860215053763,343.5329317014684,17.82671376001672
