min_fitness,num_veh,avg_req,avg_dist,computing_time(min)
4668.993475610362,622,3.9967845659163985,1307.692526338437,112.58000962100002
