min_fitness,num_veh,avg_req,avg_dist,computing_time(min)
5018.7988012379565,630,3.9952380952380953,1285.0790797368952,22.258750135349693
