min_fitness,num_veh,avg_req,avg_dist,computing_time(min)
5047.341934458695,648,3.9953703703703702,1315.8380555867175,23.111550471566684
