min_fitness,num_veh,avg_req,avg_dist,computing_time(min)
4181.684576465222,748,1.3368983957219251,289.52842828077684,12.580897020250026
