min_fitness,num_veh,avg_req,avg_dist,computing_time(min)
3544.8126940580078,758,1.3192612137203166,280.1170285594242,12.587125993483399
