min_fitness,num_veh,avg_req,avg_dist,computing_time(min)
3913.558533630197,770,1.2987012987012987,276.30936726524743,12.757522788349888
