min_fitness,num_veh,avg_req,avg_dist,computing_time(min)
2963.057765112584,753,1.3280212483399734,287.07703114047047,12.597425621316749
