min_fitness,num_veh,avg_req,avg_dist,computing_time(min)
2519.0807004152075,770,1.2987012987012987,270.9354252302785,13.06066567425005
