min_fitness,num_veh,avg_req,avg_dist,computing_time(min)
3562.4345310365434,755,1.3245033112582782,358.8134294053088,22.621193859033518
