min_fitness,num_veh,avg_req,avg_dist,computing_time(min)
3539.6836592764075,748,1.3368983957219251,355.4641108062583,22.17548594843344
