min_fitness,num_veh,avg_req,avg_dist,computing_time(min)
2417.265344116048,737,1.3568521031207599,349.1916820374364,20.312221944633347
