min_fitness,num_veh,avg_req,avg_dist,computing_time(min)
3449.1391590718745,739,1.3531799729364005,371.8163730418986,19.7662502692001
