min_fitness,num_veh,avg_req,avg_dist,computing_time(min)
3924.055027462945,760,1.3157894736842106,363.06939902074345,19.681639202966714
