min_fitness,num_veh,avg_req,avg_dist,computing_time(min)
2538.6090674945976,762,1.3123359580052494,297.14073857024874,18.219348770800025
