min_fitness,num_veh,avg_req,avg_dist,computing_time(min)
2087.624192923114,785,1.2738853503184713,286.2903632239033,21.337734002699897
