min_fitness,num_veh,avg_req,avg_dist,computing_time(min)
3568.635426958528,751,1.3315579227696406,305.19186060856725,19.927152018433357
