min_fitness,num_veh,avg_req,avg_dist,computing_time(min)
3557.760921362213,753,1.3280212483399734,306.38835104446815,18.014814768033343
