min_fitness,num_veh,avg_req,avg_dist,computing_time(min)
2917.3542183850427,748,1.3368983957219251,308.85330681194176,17.618338088066594
