min_fitness,num_veh,avg_req,avg_dist,computing_time(min)
5104.351487102624,742,1.3477088948787062,868.919412999003,21.069959387833176
