min_fitness,num_veh,avg_req,avg_dist,computing_time(min)
5393.53418138004,751,1.3315579227696406,862.3799224187218,21.006011790783425
