min_fitness,num_veh,avg_req,avg_dist,computing_time(min)
4285.162507424957,774,1.2919896640826873,821.8644583318616,21.174153104083477
