min_fitness,num_veh,avg_req,avg_dist,computing_time(min)
6182.904824303681,757,1.321003963011889,851.0121485247045,20.6988964021332
