min_fitness,num_veh,avg_req,avg_dist,computing_time(min)
5152.241339256479,764,1.3089005235602094,830.8462536315345,20.806457702450036
