min_fitness,num_veh,avg_req,avg_dist,computing_time(min)
5142.190289782056,765,1.3071895424836601,311.4237319284615,17.830445322983238
