min_fitness,num_veh,avg_req,avg_dist,computing_time(min)
2295.422622936278,761,1.314060446780552,317.5880315688938,18.23107483608328
