min_fitness,num_veh,avg_req,avg_dist,computing_time(min)
5463.949417308365,753,1.3280212483399734,314.4264389430904,19.32645553805002
