min_fitness,num_veh,avg_req,avg_dist,computing_time(min)
3439.6291071898827,751,1.3315579227696406,343.1838315381481,17.953103517216853
