min_fitness,num_veh,avg_req,avg_dist,computing_time(min)
3767.5588884101116,771,1.297016861219196,317.6897345682754,20.09517816464989
