min_fitness,num_veh,avg_req,avg_dist,computing_time(min)
3878.380337366497,758,1.3192612137203166,351.490774519461,26.555963116949957
