min_fitness,num_veh,avg_req,avg_dist,computing_time(min)
3330.086454667973,742,1.3477088948787062,346.4944770060185,26.68735097726676
