min_fitness,num_veh,avg_req,avg_dist,computing_time(min)
4416.411165021667,738,1.3550135501355014,382.5097263374084,19.229085105016807
