min_fitness,num_veh,avg_req,avg_dist,computing_time(min)
3237.9568731776844,759,1.3175230566534915,357.10174981592513,17.778928754450074
