min_fitness,num_veh,avg_req,avg_dist,computing_time(min)
2728.3351241740406,750,1.3333333333333333,282.136307703444,13.463970545816846
