min_fitness,num_veh,avg_req,avg_dist,computing_time(min)
3056.7544561250215,763,1.3106159895150722,273.9275090051404,13.665911003299941
