min_fitness,num_veh,avg_req,avg_dist,computing_time(min)
3376.1953188094058,759,1.3175230566534915,277.306517501131,13.372526083000169
