min_fitness,num_veh,avg_req,avg_dist,computing_time(min)
2883.1205381531845,760,1.3157894736842106,274.7882477838953,13.335164580116544
