min_fitness,num_veh,avg_req,avg_dist,computing_time(min)
5192.5507997818695,756,1.3227513227513228,274.3943191698401,13.332935360549891
