min_fitness,num_veh,avg_req,avg_dist,computing_time(min)
4752.497605809439,250,4.0,1279.5344660325773,15.099392498200055
