min_fitness,num_veh,avg_req,avg_dist,computing_time(min)
4481.497506422989,250,4.0,1284.345363465868,15.40879985883342
