min_fitness,num_veh,avg_req,avg_dist,computing_time(min)
4907.050428167846,250,4.0,1298.6404145097515,15.150481272599912
