min_fitness,num_veh,avg_req,avg_dist,computing_time(min)
4665.855163937959,250,4.0,1297.1130830690631,15.109697297850046
