min_fitness,num_veh,avg_req,avg_dist,computing_time(min)
4474.460754021699,250,4.0,1280.3178909651263,15.609279819666577
