min_fitness,num_veh,avg_req,avg_dist,computing_time(min)
1827.083863426799,748,1.3368983957219251,287.52268120773283,17.311819236999995
