min_fitness,num_veh,avg_req,avg_dist,computing_time(min)
2484.609303650247,786,1.272264631043257,276.82247411892234,122.2043762272333
