min_fitness,num_veh,avg_req,avg_dist,computing_time(min)
2929.180803747063,758,1.3192612137203166,318.48842346337426,18.318793515499905
