min_fitness,num_veh,avg_req,avg_dist,computing_time(min)
2524.8187845189045,754,1.3262599469496021,318.3214927959387,18.46895869438328
