min_fitness,num_veh,avg_req,avg_dist,computing_time(min)
2546.521600022448,779,1.2836970474967908,307.51496743661744,18.916439068649925
