min_fitness,num_veh,avg_req,avg_dist,computing_time(min)
2446.1126225507487,759,1.3175230566534915,299.2137951695977,18.129945968266657
