min_fitness,num_veh,avg_req,avg_dist,computing_time(min)
17577.484804254796,621,3.996779388083736,3541.4837871235313,23.089444610066675
