min_fitness,num_veh,avg_req,avg_dist,computing_time(min)
16204.955372520686,621,3.998389694041868,3569.4800494506517,21.80564640883337
