min_fitness,num_veh,avg_req,avg_dist,computing_time(min)
14006.710247570358,642,3.9968847352024923,3555.575813683,22.602985873499982
