min_fitness,num_veh,avg_req,avg_dist,computing_time(min)
13758.322327715978,629,3.9968203497615264,3528.304980635058,22.55721967516656
