min_fitness,num_veh,avg_req,avg_dist,computing_time(min)
4360.975039201683,250,4.0,1276.7378216871716,27.493863945583325
