min_fitness,num_veh,avg_req,avg_dist,computing_time(min)
4392.003195124885,250,4.0,1279.6865717053388,25.60390137693333
