min_fitness,num_veh,avg_req,avg_dist,computing_time(min)
5127.650154657674,250,4.0,1291.1548866188032,27.800434704799954
