min_fitness,num_veh,avg_req,avg_dist,computing_time(min)
4356.349046581104,250,4.0,1279.7200874068021,27.58785728481665
