min_fitness,num_veh,avg_req,avg_dist,computing_time(min)
4484.61292404902,250,4.0,1269.1131125564157,30.50566973969999
