min_fitness,num_veh,avg_req,avg_dist,computing_time(min)
2956.543096545051,756,1.3227513227513228,350.64910594043596,17.64300782675
