min_fitness,num_veh,avg_req,avg_dist,computing_time(min)
3389.25291710169,744,1.3440860215053763,362.5451544957053,17.778954166766685
