min_fitness,num_veh,avg_req,avg_dist,computing_time(min)
3448.2752357357767,746,1.3404825737265416,357.92483342830104,18.26125450498333
