min_fitness,num_veh,avg_req,avg_dist,computing_time(min)
3789.754068155663,730,1.36986301369863,409.7061588657241,18.235974163766667
