min_fitness,num_veh,avg_req,avg_dist,computing_time(min)
3680.527118195364,755,1.3245033112582782,355.7729862905884,18.256126131233334
