min_fitness,num_veh,avg_req,avg_dist,computing_time(min)
1675.4822128297299,767,1.303780964797914,271.0418299023621,22.612633492366633
