min_fitness,num_veh,avg_req,avg_dist,computing_time(min)
1897.7322052603286,766,1.3054830287206267,271.29585911779634,24.636099471083313
