min_fitness,num_veh,avg_req,avg_dist,computing_time(min)
1739.5439429915918,782,1.278772378516624,262.8762033624324,20.52676917429999
