min_fitness,num_veh,avg_req,avg_dist,computing_time(min)
2331.6843350816594,768,1.3020833333333333,265.9072760393325,19.739690717
