min_fitness,num_veh,avg_req,avg_dist,computing_time(min)
2167.35008401953,757,1.321003963011889,271.57046342476843,21.070508431266596
