min_fitness,num_veh,avg_req,avg_dist,computing_time(min)
6656.467017655493,752,1.3297872340425532,848.831084965412,45.04268081859967
