min_fitness,num_veh,avg_req,avg_dist,computing_time(min)
7145.496128316985,628,3.995222929936306,1968.649358869775,22.8550450953832
