min_fitness,num_veh,avg_req,avg_dist,computing_time(min)
9190.456737493609,622,3.9983922829581995,1980.7303624417427,21.875983541883276
