min_fitness,num_veh,avg_req,avg_dist,computing_time(min)
9035.74335499246,615,3.995121951219512,1924.237608738107,20.715397160283466
