min_fitness,num_veh,avg_req,avg_dist,computing_time(min)
8272.784321315248,615,3.9983739837398375,2053.470145319461,20.647049901699997
