min_fitness,num_veh,avg_req,avg_dist,computing_time(min)
10268.529830436857,631,3.995245641838352,2133.9166243277723,22.782605365116737
