min_fitness,num_veh,avg_req,avg_dist,computing_time(min)
2075.424029806734,755,1.3245033112582782,302.19819816833603,35.30152502884982
