min_fitness,num_veh,avg_req,avg_dist,computing_time(min)
4373.143708813226,755,1.3245033112582782,340.5485278922308,18.384646819083354
