min_fitness,num_veh,avg_req,avg_dist,computing_time(min)
4588.565642323477,747,1.3386880856760375,351.08660884119735,18.757136664350035
