min_fitness,num_veh,avg_req,avg_dist,computing_time(min)
2862.2530786459865,734,1.3623978201634876,349.6799646105007,18.07147091671668
