min_fitness,num_veh,avg_req,avg_dist,computing_time(min)
4787.938100596143,738,1.3550135501355014,367.160633034351,18.523308454050007
