min_fitness,num_veh,avg_req,avg_dist,computing_time(min)
4431.468229675353,758,1.3192612137203166,336.65753736072196,18.39235376358332
