min_fitness,num_veh,avg_req,avg_dist,computing_time(min)
6396.201779407274,755,1.3245033112582782,833.6290681768527,35.6499773158168
