min_fitness,num_veh,avg_req,avg_dist,computing_time(min)
2423.695155487974,750,1.3333333333333333,285.8684695442526,17.624643281999973
