min_fitness,num_veh,avg_req,avg_dist,computing_time(min)
2373.016630091771,754,1.3262599469496021,284.669059334717,18.103908018566653
