min_fitness,num_veh,avg_req,avg_dist,computing_time(min)
1475.6425132275524,776,1.288659793814433,276.20864762832764,18.78183556969998
