min_fitness,num_veh,avg_req,avg_dist,computing_time(min)
1683.6780722528522,754,1.3262599469496021,286.13592485414944,18.41075917795
