min_fitness,num_veh,avg_req,avg_dist,computing_time(min)
1869.7742040957207,750,1.3333333333333333,288.82693483730736,18.183095016033317
