min_fitness,num_veh,avg_req,avg_dist,computing_time(min)
6414.92512039042,779,1.2836970474967908,465.022066855027,42.7346541157002
