min_fitness,num_veh,avg_req,avg_dist,computing_time(min)
2618.265750034634,740,1.3513513513513513,298.8717943367543,18.98363733866666
