min_fitness,num_veh,avg_req,avg_dist,computing_time(min)
2307.043177329232,743,1.3458950201884252,293.41714233615306,17.535035555516696
