min_fitness,num_veh,avg_req,avg_dist,computing_time(min)
3040.748951223103,754,1.3262599469496021,292.3337946339456,19.828894923449965
