min_fitness,num_veh,avg_req,avg_dist,computing_time(min)
4637.24968880171,612,4.0,1293.8560538633085,132.06299746648332
