min_fitness,num_veh,avg_req,avg_dist,computing_time(min)
4486.584472123081,622,4.0,1286.8235334088915,21.85863787164999
