min_fitness,num_veh,avg_req,avg_dist,computing_time(min)
4691.289204014827,619,3.996768982229402,1314.0816834075513,21.578015765049834
