min_fitness,num_veh,avg_req,avg_dist,computing_time(min)
4703.245928824289,628,3.998407643312102,1285.3065069272552,21.29150196963334
