min_fitness,num_veh,avg_req,avg_dist,computing_time(min)
3226.672732032347,752,1.3297872340425532,869.0628683543379,35.699006423116465
