min_fitness,num_veh,avg_req,avg_dist,computing_time(min)
2067.1965913693716,725,1.3793103448275863,321.61137779601705,20.281355357733265
