min_fitness,num_veh,avg_req,avg_dist,computing_time(min)
2443.255610033875,752,1.3297872340425532,277.5339092449116,48.398900297616635
