min_fitness,num_veh,avg_req,avg_dist,computing_time(min)
2822.124596285959,734,1.3623978201634876,297.4162959788287,19.994644909983375
