min_fitness,num_veh,avg_req,avg_dist,computing_time(min)
1711.6352809639573,752,1.3297872340425532,286.22451072980044,35.04640082101687
