min_fitness,num_veh,avg_req,avg_dist,computing_time(min)
6755.259835931252,747,1.3386880856760375,873.4530963155792,19.3055119752166
