min_fitness,num_veh,avg_req,avg_dist,computing_time(min)
6931.072290117324,759,1.3175230566534915,851.0392187967554,19.018688672616555
