min_fitness,num_veh,avg_req,avg_dist,computing_time(min)
3831.4194054355185,771,1.297016861219196,828.6990108737446,19.648121073516812
