min_fitness,num_veh,avg_req,avg_dist,computing_time(min)
8322.12957510857,753,1.3280212483399734,849.3339204767402,19.24651934020003
