min_fitness,num_veh,avg_req,avg_dist,computing_time(min)
4852.697367885571,758,1.3192612137203166,851.4095857040467,19.217436855216754
