min_fitness,num_veh,avg_req,avg_dist,computing_time(min)
7303.774861359464,751,1.3315579227696406,864.1124215867135,19.01359111489995
