min_fitness,num_veh,avg_req,avg_dist,computing_time(min)
4629.723198026123,750,1.3333333333333333,858.4011817976989,18.813488127383366
