min_fitness,num_veh,avg_req,avg_dist,computing_time(min)
7359.761606450341,771,1.297016861219196,820.6959964068492,19.544791642866524
