min_fitness,num_veh,avg_req,avg_dist,computing_time(min)
7309.193095201158,754,1.3262599469496021,847.7534569548275,19.272927589733445
