min_fitness,num_veh,avg_req,avg_dist,computing_time(min)
8953.64550176995,765,1.3071895424836601,838.210499401918,19.504981945200175
