min_fitness,num_veh,avg_req,avg_dist,computing_time(min)
11124.538384474383,628,3.995222929936306,1964.3770437048497,23.417656842616754
