min_fitness,num_veh,avg_req,avg_dist,computing_time(min)
8374.002039289924,622,3.9983922829581995,1937.9838961745056,21.17106501023348
