min_fitness,num_veh,avg_req,avg_dist,computing_time(min)
6098.464585871185,615,3.995121951219512,1865.5929702053718,21.59325385718336
