min_fitness,num_veh,avg_req,avg_dist,computing_time(min)
7732.447110592864,615,3.9983739837398375,2046.8558572525135,21.194301418583322
