min_fitness,num_veh,avg_req,avg_dist,computing_time(min)
8104.53458738673,631,3.995245641838352,2066.0168519544877,23.864328571700025
