min_fitness,num_veh,avg_req,avg_dist,computing_time(min)
10149.407115577329,763,1.3106159895150722,823.4124829725783,18.656074893333304
