min_fitness,num_veh,avg_req,avg_dist,computing_time(min)
6239.648566245873,760,1.3157894736842106,839.5605882014347,20.03455878613337
