min_fitness,num_veh,avg_req,avg_dist,computing_time(min)
7397.126454268342,786,1.272264631043257,810.4182134547538,21.43845630846663
