min_fitness,num_veh,avg_req,avg_dist,computing_time(min)
9822.622915187141,769,1.3003901170351104,822.0854069114533,22.953547183533374
