min_fitness,num_veh,avg_req,avg_dist,computing_time(min)
7166.305823838716,771,1.297016861219196,823.0601161914822,20.3077338097001
