min_fitness,num_veh,avg_req,avg_dist,computing_time(min)
1393.724815826904,754,1.3262599469496021,300.06712032196987,20.40820276338321
