min_fitness,num_veh,avg_req,avg_dist,computing_time(min)
1229.4813531305338,761,1.314060446780552,290.19687882075,19.96720247593333
