min_fitness,num_veh,avg_req,avg_dist,computing_time(min)
1420.8855003937915,752,1.3297872340425532,285.89293674167453,17.848487456983396
