min_fitness,num_veh,avg_req,avg_dist,computing_time(min)
4923.832059164733,622,3.9967845659163985,1186.425273085925,21.97802467203334
