min_fitness,num_veh,avg_req,avg_dist,computing_time(min)
4898.150214482179,630,3.9952380952380953,1185.1529884482393,22.246968773033586
