min_fitness,num_veh,avg_req,avg_dist,computing_time(min)
4815.875940921103,648,3.9953703703703702,1208.963214788349,23.957190056883338
