min_fitness,num_veh,avg_req,avg_dist,computing_time(min)
1710.5082628768257,760,1.3157894736842106,295.7418591149942,21.65538032103335
