min_fitness,num_veh,avg_req,avg_dist,computing_time(min)
2307.7354775460185,756,1.3227513227513228,290.49514218283275,35.11973516829991
