min_fitness,num_veh,avg_req,avg_dist,computing_time(min)
2045.248136073164,769,1.3003901170351104,268.50390499129895,34.32443587106682
