min_fitness,num_veh,avg_req,avg_dist,computing_time(min)
5194.03983799072,622,3.9967845659163985,1124.5865654350614,157.48733233463335
