min_fitness,num_veh,avg_req,avg_dist,computing_time(min)
4300.889066833001,630,3.9952380952380953,1110.178507923744,21.95735082155006
