min_fitness,num_veh,avg_req,avg_dist,computing_time(min)
4428.410986395806,648,3.9953703703703702,1126.3724188440715,22.85771208566657
