min_fitness,num_veh,avg_req,avg_dist,computing_time(min)
8135.982359958669,745,1.342281879194631,888.4241937485693,41.066409834566485
