min_fitness,num_veh,avg_req,avg_dist,computing_time(min)
1447.6951970987698,757,1.321003963011889,295.6101334350862,20.368005347883333
