min_fitness,num_veh,avg_req,avg_dist,computing_time(min)
1385.3890155424954,760,1.3157894736842106,301.999039054322,33.27383300325
