min_fitness,num_veh,avg_req,avg_dist,computing_time(min)
1764.9309783097256,769,1.3003901170351104,293.6430500094178,20.848926199050037
