min_fitness,num_veh,avg_req,avg_dist,computing_time(min)
7763.097722731784,742,1.3477088948787062,880.5973451524809,40.596802451450394
