min_fitness,num_veh,avg_req,avg_dist,computing_time(min)
1095.7257593544518,745,1.342281879194631,299.1844450992376,36.08219082944997
