min_fitness,num_veh,avg_req,avg_dist,computing_time(min)
5121.4182735525055,751,1.3315579227696406,879.7734285592009,18.094923563166716
