min_fitness,num_veh,avg_req,avg_dist,computing_time(min)
5745.0120614853895,751,1.3315579227696406,861.5987038460038,18.616594325550007
