min_fitness,num_veh,avg_req,avg_dist,computing_time(min)
5121.752895730329,774,1.2919896640826873,824.0684254343128,19.43283912349992
