min_fitness,num_veh,avg_req,avg_dist,computing_time(min)
6499.43990353583,760,1.3157894736842106,844.1681041463889,18.796560553250067
