min_fitness,num_veh,avg_req,avg_dist,computing_time(min)
4767.596738352982,762,1.3123359580052494,835.5077358081041,18.941818409283346
