min_fitness,num_veh,avg_req,avg_dist,computing_time(min)
3069.3609083103524,754,1.3262599469496021,342.0673352270472,18.94058555579977
