min_fitness,num_veh,avg_req,avg_dist,computing_time(min)
3142.1155357988127,743,1.3458950201884252,347.1470461758055,22.92004167674992
