min_fitness,num_veh,avg_req,avg_dist,computing_time(min)
3720.5237889884793,754,1.3262599469496021,356.44558699425977,18.264987455366644
