min_fitness,num_veh,avg_req,avg_dist,computing_time(min)
4110.895565340628,763,1.3106159895150722,332.825636412591,18.79583147813331
