min_fitness,num_veh,avg_req,avg_dist,computing_time(min)
3476.138228711403,758,1.3192612137203166,328.27412958572125,18.6953688588667
