min_fitness,num_veh,avg_req,avg_dist,computing_time(min)
5112.42627605247,746,1.3404825737265416,334.47219630760986,18.45723098878334
