min_fitness,num_veh,avg_req,avg_dist,computing_time(min)
5126.044314889037,735,1.3605442176870748,365.7645711768402,17.871424626566657
