min_fitness,num_veh,avg_req,avg_dist,computing_time(min)
2976.100535629618,757,1.321003963011889,337.67546532764294,18.569274648133373
