min_fitness,num_veh,avg_req,avg_dist,computing_time(min)
2382.1782785546584,766,1.3054830287206267,280.2197057201761,18.839150997283333
