min_fitness,num_veh,avg_req,avg_dist,computing_time(min)
2285.0167260310873,771,1.297016861219196,273.90155059326827,18.04708970541663
