min_fitness,num_veh,avg_req,avg_dist,computing_time(min)
3971.0070468309773,612,4.0,1291.957536895391,40.77611145891663
