min_fitness,num_veh,avg_req,avg_dist,computing_time(min)
4224.671751664722,612,4.0,1274.9454287299916,42.94266256888333
