min_fitness,num_veh,avg_req,avg_dist,computing_time(min)
4348.742801940174,622,4.0,1279.717244677955,21.389957392450015
