min_fitness,num_veh,avg_req,avg_dist,computing_time(min)
4243.225556528234,619,3.996768982229402,1310.5782542113932,20.796352251833255
