min_fitness,num_veh,avg_req,avg_dist,computing_time(min)
4358.076602357429,619,3.998384491114701,1309.4039901567235,20.634010824949897
