min_fitness,num_veh,avg_req,avg_dist,computing_time(min)
4264.962856304165,628,3.998407643312102,1270.6732523613398,21.445254412433375
