min_fitness,num_veh,avg_req,avg_dist,computing_time(min)
4572.208673432443,612,4.0,1299.3982764929679,20.591684984083333
