min_fitness,num_veh,avg_req,avg_dist,computing_time(min)
4727.92620164385,612,4.0,1290.0180503959966,41.75315186783334
