min_fitness,num_veh,avg_req,avg_dist,computing_time(min)
4468.8349730985,622,4.0,1281.8811044703446,21.973007548083356
