min_fitness,num_veh,avg_req,avg_dist,computing_time(min)
4385.186062634761,619,3.996768982229402,1313.476018349373,20.522236212966526
