min_fitness,num_veh,avg_req,avg_dist,computing_time(min)
5424.904015949042,619,3.998384491114701,1313.1702935802386,21.821037180800097
