min_fitness,num_veh,avg_req,avg_dist,computing_time(min)
4525.180096444213,628,3.998407643312102,1274.9556563995973,22.69262381261651
