min_fitness,num_veh,avg_req,avg_dist,computing_time(min)
2668.046902369836,733,1.364256480218281,302.78704066539325,49.52683144519979
