min_fitness,num_veh,avg_req,avg_dist,computing_time(min)
4270.429748942506,751,1.3315579227696406,336.659955586498,28.504028338283387
