min_fitness,num_veh,avg_req,avg_dist,computing_time(min)
5664.277547448321,772,1.2953367875647668,315.16958205449953,17.941165374916697
