min_fitness,num_veh,avg_req,avg_dist,computing_time(min)
9804.951403269004,749,1.335113484646195,878.7999776300339,19.273895669050034
