min_fitness,num_veh,avg_req,avg_dist,computing_time(min)
5278.2001176697995,775,1.2903225806451613,820.4814269241618,20.47006331796662
