min_fitness,num_veh,avg_req,avg_dist,computing_time(min)
3814.8829153673864,759,1.3175230566534915,844.7474702668605,19.117839788533214
