min_fitness,num_veh,avg_req,avg_dist,computing_time(min)
1433.1715723025509,740,1.3513513513513513,313.1985633529521,19.712717270550034
