min_fitness,num_veh,avg_req,avg_dist,computing_time(min)
7550.320517760592,748,1.3368983957219251,852.5387439580708,0.27849433763331033
