min_fitness,num_veh,avg_req,avg_dist,computing_time(min)
8792.278110904253,766,1.3054830287206267,833.4715646158415,18.353087982483338
