min_fitness,num_veh,avg_req,avg_dist,computing_time(min)
8929.728903117626,785,1.2738853503184713,800.1312933655149,33.26225316703331
