min_fitness,num_veh,avg_req,avg_dist,computing_time(min)
7030.189937223198,779,1.2836970474967908,810.6218750377177,18.23140725639993
