min_fitness,num_veh,avg_req,avg_dist,computing_time(min)
6011.153696658627,628,3.995222929936306,1936.5799888981896,22.37663256200006
