min_fitness,num_veh,avg_req,avg_dist,computing_time(min)
9469.989696723584,622,3.9983922829581995,1992.4559549099654,21.39309303308328
