min_fitness,num_veh,avg_req,avg_dist,computing_time(min)
7366.935692438725,615,3.995121951219512,1847.8082659057818,21.129924270716643
