min_fitness,num_veh,avg_req,avg_dist,computing_time(min)
6325.953872918009,615,3.9983739837398375,2060.4577842115336,22.35870692971668
