min_fitness,num_veh,avg_req,avg_dist,computing_time(min)
6440.378425021194,631,3.995245641838352,2053.702331705325,23.03859783988337
