min_fitness,num_veh,avg_req,avg_dist,computing_time(min)
6660.165728560818,250,4.0,1092.525381858403,15.061300383550043
