min_fitness,num_veh,avg_req,avg_dist,computing_time(min)
7412.014678840959,250,4.0,1088.6963748985293,15.15962166361666
