min_fitness,num_veh,avg_req,avg_dist,computing_time(min)
8216.588817863536,250,4.0,1097.8946365436407,15.054025665250084
