min_fitness,num_veh,avg_req,avg_dist,computing_time(min)
6846.213021998211,250,4.0,1095.2988543153729,15.391809207783323
