min_fitness,num_veh,avg_req,avg_dist,computing_time(min)
6573.265268373701,250,4.0,1077.6215644968167,15.547128467249907
