min_fitness,num_veh,avg_req,avg_dist,computing_time(min)
3702.570416379425,764,1.3089005235602094,271.35605945168123,13.554718212350174
