min_fitness,num_veh,avg_req,avg_dist,computing_time(min)
1803.98666189592,778,1.2853470437017995,264.54611847763147,13.373763311033448
