min_fitness,num_veh,avg_req,avg_dist,computing_time(min)
1824.4252558954747,791,1.2642225031605563,260.6234487426026,13.482781117716998
