min_fitness,num_veh,avg_req,avg_dist,computing_time(min)
3868.177989066287,769,1.3003901170351104,272.1658423514423,13.297863647949999
