min_fitness,num_veh,avg_req,avg_dist,computing_time(min)
2281.4043588399304,752,1.3297872340425532,274.579331068092,13.119053166933009
