min_fitness,num_veh,avg_req,avg_dist,computing_time(min)
3058.4340655473093,731,1.3679890560875514,290.210352534155,23.424767052333316
