min_fitness,num_veh,avg_req,avg_dist,computing_time(min)
2950.9481721774237,742,1.3477088948787062,284.337536658718,18.012511412799995
