min_fitness,num_veh,avg_req,avg_dist,computing_time(min)
2881.494022498205,754,1.3262599469496021,276.03583143002896,18.98868927369998
