min_fitness,num_veh,avg_req,avg_dist,computing_time(min)
3062.883688192983,764,1.3089005235602094,271.1651534453904,19.55003318796662
