min_fitness,num_veh,avg_req,avg_dist,computing_time(min)
3162.134721825926,737,1.3568521031207599,315.02043919164436,18.02677518103334
