min_fitness,num_veh,avg_req,avg_dist,computing_time(min)
1839.815292689346,744,1.3440860215053763,306.28701874071567,18.671631476966663
