min_fitness,num_veh,avg_req,avg_dist,computing_time(min)
1984.1534594364525,742,1.3477088948787062,317.0542271717747,23.583184294316652
