min_fitness,num_veh,avg_req,avg_dist,computing_time(min)
1941.5626412831975,751,1.3315579227696406,303.56226024010004,17.99851410278328
