min_fitness,num_veh,avg_req,avg_dist,computing_time(min)
2166.380218891435,748,1.3368983957219251,305.4894184189561,19.550195960250008
