min_fitness,num_veh,avg_req,avg_dist,computing_time(min)
4721.841292072103,738,1.3550135501355014,287.0154526081168,12.800325706283305
