min_fitness,num_veh,avg_req,avg_dist,computing_time(min)
2887.8490826417515,759,1.3175230566534915,271.76057411354014,13.155126603633228
