min_fitness,num_veh,avg_req,avg_dist,computing_time(min)
3023.705428720412,754,1.3262599469496021,281.56459014391356,13.250390087016664
