min_fitness,num_veh,avg_req,avg_dist,computing_time(min)
2944.029059262918,756,1.3227513227513228,276.0612492730648,13.207666718333348
