min_fitness,num_veh,avg_req,avg_dist,computing_time(min)
4202.7851547864275,754,1.3262599469496021,274.38254975944665,12.93521154893339
