min_fitness,num_veh,avg_req,avg_dist,computing_time(min)
2768.5387864660315,759,1.3175230566534915,279.2226717035972,34.20756084100042
