min_fitness,num_veh,avg_req,avg_dist,computing_time(min)
2238.739052625733,751,1.3315579227696406,302.7246735200553,13.041830031250235
