min_fitness,num_veh,avg_req,avg_dist,computing_time(min)
2138.4474704276727,755,1.3245033112582782,302.5404386336992,13.196727661049712
