min_fitness,num_veh,avg_req,avg_dist,computing_time(min)
2094.3549732267443,784,1.2755102040816326,284.72370712848647,13.241063740383348
