min_fitness,num_veh,avg_req,avg_dist,computing_time(min)
1956.709017532702,762,1.3123359580052494,297.39012998869276,13.04301553643357
