min_fitness,num_veh,avg_req,avg_dist,computing_time(min)
2128.2953241246532,749,1.335113484646195,302.03763625192335,13.074144481432935
