min_fitness,num_veh,avg_req,avg_dist,computing_time(min)
2575.6913671009015,732,1.366120218579235,309.8102203591195,42.37977325000005
