min_fitness,num_veh,avg_req,avg_dist,computing_time(min)
6624.354766513446,612,4.0,1129.3979671093289,176.08681596331664
