min_fitness,num_veh,avg_req,avg_dist,computing_time(min)
6875.192474991833,622,4.0,1142.891101784517,21.67961498534981
