min_fitness,num_veh,avg_req,avg_dist,computing_time(min)
6761.929785468925,619,3.996768982229402,1155.403473219275,21.09707288081651
