min_fitness,num_veh,avg_req,avg_dist,computing_time(min)
6368.007741038743,628,3.998407643312102,1104.2786032499196,21.915039250750123
