min_fitness,num_veh,avg_req,avg_dist,computing_time(min)
1507.1312762709358,738,1.3550135501355014,311.1146783450691,12.734518998933344
