min_fitness,num_veh,avg_req,avg_dist,computing_time(min)
1610.8369765453199,745,1.342281879194631,306.5624096427312,12.772727088000101
