min_fitness,num_veh,avg_req,avg_dist,computing_time(min)
1405.9535642788821,744,1.3440860215053763,305.36666050061643,12.65105047700005
