min_fitness,num_veh,avg_req,avg_dist,computing_time(min)
1423.027960000333,738,1.3550135501355014,306.1853091630475,12.602673757650093
