min_fitness,num_veh,avg_req,avg_dist,computing_time(min)
1452.9004543640528,751,1.3315579227696406,297.46245158917736,12.484376016633421
