min_fitness,num_veh,avg_req,avg_dist,computing_time(min)
4418.9710364813845,622,3.9967845659163985,1142.077678970241,180.05796688166666
