min_fitness,num_veh,avg_req,avg_dist,computing_time(min)
4915.960369106059,630,3.9952380952380953,1119.8241465878884,22.609754999400078
