min_fitness,num_veh,avg_req,avg_dist,computing_time(min)
5007.2765817387835,648,3.9953703703703702,1148.6811080501739,23.18326176306667
