min_fitness,num_veh,avg_req,avg_dist,computing_time(min)
1650.0049974899284,731,1.3679890560875514,316.7878052891298,12.843238769066678
