min_fitness,num_veh,avg_req,avg_dist,computing_time(min)
2374.2334183872235,751,1.3315579227696406,299.1015819367121,13.314727670983363
