min_fitness,num_veh,avg_req,avg_dist,computing_time(min)
2388.9027900043307,742,1.3477088948787062,311.8169697629937,12.950221302083325
