min_fitness,num_veh,avg_req,avg_dist,computing_time(min)
2517.093109795122,740,1.3513513513513513,315.0013474907245,12.886278888533344
