min_fitness,num_veh,avg_req,avg_dist,computing_time(min)
3795.6402491832678,752,1.3297872340425532,300.3631262041833,13.022139800316655
