min_fitness,num_veh,avg_req,avg_dist,computing_time(min)
11393.262757266342,621,3.996779388083736,3661.310762668657,21.600830399799996
