min_fitness,num_veh,avg_req,avg_dist,computing_time(min)
10699.862682003644,621,3.998389694041868,3608.8798213528084,21.832441639749838
