min_fitness,num_veh,avg_req,avg_dist,computing_time(min)
10685.16601156565,642,3.9968847352024923,3661.9722898171713,23.724791301850004
