min_fitness,num_veh,avg_req,avg_dist,computing_time(min)
11026.60246455256,629,3.9968203497615264,3629.3610801609047,22.200154677166573
