min_fitness,num_veh,avg_req,avg_dist,computing_time(min)
15658.266179902785,621,3.996779388083736,3607.602231826313,21.57443315708333
