min_fitness,num_veh,avg_req,avg_dist,computing_time(min)
16343.114721241955,621,3.998389694041868,3619.3968247222083,21.83873821771655
