min_fitness,num_veh,avg_req,avg_dist,computing_time(min)
18310.68540204083,642,3.9968847352024923,3611.711565964442,22.77220685461667
