min_fitness,num_veh,avg_req,avg_dist,computing_time(min)
15124.088044284794,629,3.9968203497615264,3600.2722638990294,21.98202605703324
