min_fitness,num_veh,avg_req,avg_dist,computing_time(min)
4791.838181287861,755,1.3245033112582782,360.2459353076658,18.22438194029989
