min_fitness,num_veh,avg_req,avg_dist,computing_time(min)
4069.0481940128725,751,1.3315579227696406,342.1233910357727,18.39584783825
