min_fitness,num_veh,avg_req,avg_dist,computing_time(min)
4357.741878536601,734,1.3623978201634876,355.38632245026406,18.19460921664995
