min_fitness,num_veh,avg_req,avg_dist,computing_time(min)
6248.412743339255,736,1.358695652173913,388.80664686809985,18.254891224350043
