min_fitness,num_veh,avg_req,avg_dist,computing_time(min)
4974.146929760136,757,1.321003963011889,355.9742108236086,18.631257990833365
