min_fitness,num_veh,avg_req,avg_dist,computing_time(min)
4027.6130390322287,759,1.3175230566534915,851.0483709183684,21.513943126616503
