min_fitness,num_veh,avg_req,avg_dist,computing_time(min)
3427.012786355882,753,1.3280212483399734,848.2935245796923,18.753503716466607
