min_fitness,num_veh,avg_req,avg_dist,computing_time(min)
3628.5584239773198,769,1.3003901170351104,839.2069268809432,18.95103394533338
