min_fitness,num_veh,avg_req,avg_dist,computing_time(min)
3900.950428471844,762,1.3123359580052494,836.1944943700771,19.493038794066766
