min_fitness,num_veh,avg_req,avg_dist,computing_time(min)
3537.0945485950124,766,1.3054830287206267,839.4974022582393,18.358154720449967
