min_fitness,num_veh,avg_req,avg_dist,computing_time(min)
2433.148075775897,752,1.3297872340425532,288.4623902155201,12.655264463550218
