min_fitness,num_veh,avg_req,avg_dist,computing_time(min)
1975.431586696885,759,1.3175230566534915,285.7889932414408,13.13631463953352
