min_fitness,num_veh,avg_req,avg_dist,computing_time(min)
2281.387877293761,770,1.2987012987012987,280.5326060263183,13.009075260417012
