min_fitness,num_veh,avg_req,avg_dist,computing_time(min)
2014.580484648218,755,1.3245033112582782,283.72024094989786,12.43539202025034
