min_fitness,num_veh,avg_req,avg_dist,computing_time(min)
2334.6753888832754,753,1.3280212483399734,287.4669500716428,12.72592501641678
