min_fitness,num_veh,avg_req,avg_dist,computing_time(min)
1577.034859673011,736,1.358695652173913,313.8096059705407,12.229045290333307
