min_fitness,num_veh,avg_req,avg_dist,computing_time(min)
1469.87264052895,738,1.3550135501355014,304.3174798346912,12.483467044600001
