min_fitness,num_veh,avg_req,avg_dist,computing_time(min)
1502.6503532099377,743,1.3458950201884252,310.83836383773286,12.354633626433316
