min_fitness,num_veh,avg_req,avg_dist,computing_time(min)
1345.9261651621423,749,1.335113484646195,299.8595260217836,12.252864152466646
