min_fitness,num_veh,avg_req,avg_dist,computing_time(min)
1587.1795010841538,748,1.3368983957219251,301.305800068625,12.393167649316668
