min_fitness,num_veh,avg_req,avg_dist,computing_time(min)
3864.3783160994476,250,4.0,1296.121013100774,29.04585686353324
