min_fitness,num_veh,avg_req,avg_dist,computing_time(min)
3898.4097178762004,250,4.0,1284.95690452177,21.154767961133256
