min_fitness,num_veh,avg_req,avg_dist,computing_time(min)
3931.9559616774095,250,4.0,1302.0193364197703,20.450114607666666
