min_fitness,num_veh,avg_req,avg_dist,computing_time(min)
3991.581407028407,250,4.0,1265.0978106872392,20.490367560866677
