min_fitness,num_veh,avg_req,avg_dist,computing_time(min)
3755.7664535058325,250,4.0,1265.6458658198894,29.79018287618334
