min_fitness,num_veh,avg_req,avg_dist,computing_time(min)
2183.916834863676,763,1.3106159895150722,280.27117973149103,35.92009024166667
