min_fitness,num_veh,avg_req,avg_dist,computing_time(min)
8194.194351379452,755,1.3245033112582782,481.64882748791155,19.544880407666643
