min_fitness,num_veh,avg_req,avg_dist,computing_time(min)
8311.63789672262,756,1.3227513227513228,508.76426806070526,22.194957101683393
