min_fitness,num_veh,avg_req,avg_dist,computing_time(min)
1690.2617271272811,761,1.314060446780552,282.42473730289,18.68904356035006
