min_fitness,num_veh,avg_req,avg_dist,computing_time(min)
4790.462680098358,622,3.9967845659163985,1156.8837525508911,89.72332001268333
