min_fitness,num_veh,avg_req,avg_dist,computing_time(min)
4766.367979253158,630,3.9952380952380953,1137.6656035723433,23.025120890400043
