min_fitness,num_veh,avg_req,avg_dist,computing_time(min)
5057.489669985814,648,3.9953703703703702,1141.109990342493,21.99588328961666
