min_fitness,num_veh,avg_req,avg_dist,computing_time(min)
8202.546247870536,250,4.0,1098.0859536800226,18.202495149949996
