min_fitness,num_veh,avg_req,avg_dist,computing_time(min)
6402.744228749931,250,4.0,1106.4884431176038,19.953508918733252
