min_fitness,num_veh,avg_req,avg_dist,computing_time(min)
6778.77228818126,250,4.0,1129.9055771484655,21.81442159073328
