min_fitness,num_veh,avg_req,avg_dist,computing_time(min)
6547.940486875814,250,4.0,1096.7065813771492,23.2913463393333
