min_fitness,num_veh,avg_req,avg_dist,computing_time(min)
6930.287703193779,250,4.0,1102.316810645379,18.098844203933307
