min_fitness,num_veh,avg_req,avg_dist,computing_time(min)
4874.758931627217,751,1.3315579227696406,339.3345434820171,25.44340272490008
