min_fitness,num_veh,avg_req,avg_dist,computing_time(min)
3442.668167565536,740,1.3513513513513513,366.09489454268936,23.27332116100006
