min_fitness,num_veh,avg_req,avg_dist,computing_time(min)
3841.2874764257494,733,1.364256480218281,385.9733448935978,17.844433513466843
