min_fitness,num_veh,avg_req,avg_dist,computing_time(min)
8641.176861903004,612,4.0,1109.9944996525144,153.85646490228334
