min_fitness,num_veh,avg_req,avg_dist,computing_time(min)
7544.873301159432,622,4.0,1118.7557413313698,21.75605739131667
