min_fitness,num_veh,avg_req,avg_dist,computing_time(min)
8397.687637399806,619,3.996768982229402,1124.2267620196835,21.993760187216687
