min_fitness,num_veh,avg_req,avg_dist,computing_time(min)
7084.962340747395,628,3.998407643312102,1098.127651702965,22.18594713144994
