min_fitness,num_veh,avg_req,avg_dist,computing_time(min)
1397.3539021179129,751,1.3315579227696406,297.5496181573911,12.309419931033336
