min_fitness,num_veh,avg_req,avg_dist,computing_time(min)
1080.6702112764185,759,1.3175230566534915,289.85152131562523,13.090022361016599
