min_fitness,num_veh,avg_req,avg_dist,computing_time(min)
1159.628213285239,777,1.287001287001287,282.11796341896695,12.868293665233553
