min_fitness,num_veh,avg_req,avg_dist,computing_time(min)
1090.156464177814,755,1.3245033112582782,291.78756088299116,12.667903844649846
