min_fitness,num_veh,avg_req,avg_dist,computing_time(min)
1416.2632798503773,743,1.3458950201884252,300.4126979434771,12.647292483233226
