min_fitness,num_veh,avg_req,avg_dist,computing_time(min)
7140.485767593003,750,1.3333333333333333,516.2722417811322,51.88224625903288
