min_fitness,num_veh,avg_req,avg_dist,computing_time(min)
7893.633692361036,612,4.0,1124.789734583153,40.810619965099974
