min_fitness,num_veh,avg_req,avg_dist,computing_time(min)
9638.803066317989,612,4.0,1118.5956759913045,64.89045709295
