min_fitness,num_veh,avg_req,avg_dist,computing_time(min)
7045.486824891372,622,4.0,1133.5637509847297,22.034748247183355
