min_fitness,num_veh,avg_req,avg_dist,computing_time(min)
8523.053217326085,619,3.996768982229402,1139.8671347014622,21.248159157266493
