min_fitness,num_veh,avg_req,avg_dist,computing_time(min)
8117.668387404317,619,3.998384491114701,1145.6617831172227,21.97101902551682
