min_fitness,num_veh,avg_req,avg_dist,computing_time(min)
7575.813644847607,628,3.998407643312102,1105.3744246463255,22.24832329856654
