min_fitness,num_veh,avg_req,avg_dist,computing_time(min)
2073.056783295899,726,1.3774104683195592,321.1352418340317,38.79694814369989
