min_fitness,num_veh,avg_req,avg_dist,computing_time(min)
10869.319499595249,621,3.996779388083736,3647.672768771856,22.676277310066688
