min_fitness,num_veh,avg_req,avg_dist,computing_time(min)
11142.725374544561,621,3.998389694041868,3667.6232478837146,22.142856811416763
