min_fitness,num_veh,avg_req,avg_dist,computing_time(min)
11363.049382766803,642,3.9968847352024923,3681.222725711869,22.782170194983337
