min_fitness,num_veh,avg_req,avg_dist,computing_time(min)
10441.644854400127,629,3.9968203497615264,3640.020593261327,22.051320435333277
