min_fitness,num_veh,avg_req,avg_dist,computing_time(min)
3282.273447260861,762,1.3123359580052494,280.88707967549726,41.03415149683327
