min_fitness,num_veh,avg_req,avg_dist,computing_time(min)
11410.689312635724,621,3.996779388083736,3646.7801464805793,21.034668056983357
