min_fitness,num_veh,avg_req,avg_dist,computing_time(min)
10555.487729623175,621,3.998389694041868,3614.5250922037676,21.32535721405002
