min_fitness,num_veh,avg_req,avg_dist,computing_time(min)
10025.07985829008,642,3.9968847352024923,3616.0596729437734,22.632334892699998
