min_fitness,num_veh,avg_req,avg_dist,computing_time(min)
11586.864710126425,629,3.9968203497615264,3599.319769130648,21.215964788100003
