min_fitness,num_veh,avg_req,avg_dist,computing_time(min)
9288.937752711592,761,1.314060446780552,842.9274597715985,18.98142083276665
