min_fitness,num_veh,avg_req,avg_dist,computing_time(min)
7183.393252992021,763,1.3106159895150722,825.5013805068066,18.54811245873328
