min_fitness,num_veh,avg_req,avg_dist,computing_time(min)
9550.329307499425,781,1.2804097311139564,808.789749096265,19.146265821666507
