min_fitness,num_veh,avg_req,avg_dist,computing_time(min)
7092.1856009540315,770,1.2987012987012987,820.8009173318949,18.839450351183284
