min_fitness,num_veh,avg_req,avg_dist,computing_time(min)
7767.287854070392,775,1.2903225806451613,812.6638180801182,18.770675098083302
