min_fitness,num_veh,avg_req,avg_dist,computing_time(min)
3578.899184989594,746,1.3404825737265416,310.591575251117,17.802749587533373
