min_fitness,num_veh,avg_req,avg_dist,computing_time(min)
2240.850169386868,753,1.3280212483399734,303.59424011501017,18.54857973800002
