min_fitness,num_veh,avg_req,avg_dist,computing_time(min)
2728.781996991464,788,1.2690355329949239,285.8719789281767,19.75282810890003
