min_fitness,num_veh,avg_req,avg_dist,computing_time(min)
1916.5257582020097,761,1.314060446780552,299.96603670943585,18.605345044683297
