min_fitness,num_veh,avg_req,avg_dist,computing_time(min)
1894.7848017488177,754,1.3262599469496021,302.0127013454664,19.24883256121666
