min_fitness,num_veh,avg_req,avg_dist,computing_time(min)
2837.613824721325,748,1.3368983957219251,352.1853246329469,47.213252466383466
