min_fitness,num_veh,avg_req,avg_dist,computing_time(min)
4593.280118943067,622,3.9967845659163985,1139.1135839872945,67.11883763734998
