min_fitness,num_veh,avg_req,avg_dist,computing_time(min)
5503.898058499725,630,3.9952380952380953,1136.138385896254,22.129188737966373
