min_fitness,num_veh,avg_req,avg_dist,computing_time(min)
4369.246988322195,648,3.9953703703703702,1149.5294448306015,23.123691298500002
