min_fitness,num_veh,avg_req,avg_dist,computing_time(min)
6438.687372929748,738,1.3550135501355014,878.8926292768333,20.96371465254997
