min_fitness,num_veh,avg_req,avg_dist,computing_time(min)
6959.212939062118,744,1.3440860215053763,879.8298924742409,20.325373838916736
