min_fitness,num_veh,avg_req,avg_dist,computing_time(min)
6026.708735045454,761,1.314060446780552,855.2767937433614,34.42834735241668
