min_fitness,num_veh,avg_req,avg_dist,computing_time(min)
5974.376428592976,761,1.314060446780552,846.0151002103314,20.601959755116695
