min_fitness,num_veh,avg_req,avg_dist,computing_time(min)
2146.3891809252464,747,1.3386880856760375,337.08553420084905,42.8864301382501
