min_fitness,num_veh,avg_req,avg_dist,computing_time(min)
5626.809084089462,628,3.995222929936306,1967.8039071023961,58.41753720248332
