min_fitness,num_veh,avg_req,avg_dist,computing_time(min)
6535.3358779098835,628,3.995222929936306,1942.8423906658902,60.04224643948328
