min_fitness,num_veh,avg_req,avg_dist,computing_time(min)
8250.145426399145,628,3.995222929936306,1990.5350377025886,22.26018078619988
