min_fitness,num_veh,avg_req,avg_dist,computing_time(min)
7570.051390503701,622,3.9983922829581995,2023.1390170626873,21.383018735516696
