min_fitness,num_veh,avg_req,avg_dist,computing_time(min)
5665.383769826407,615,3.995121951219512,1883.6203731571707,21.09555584143333
