min_fitness,num_veh,avg_req,avg_dist,computing_time(min)
8283.606386383619,615,3.9983739837398375,2084.4159019518697,32.10072720511667
