min_fitness,num_veh,avg_req,avg_dist,computing_time(min)
9717.69959827223,631,3.995245641838352,2209.221428093574,21.970056656116626
