min_fitness,num_veh,avg_req,avg_dist,computing_time(min)
7488.740877332013,748,1.3368983957219251,880.1552644043834,19.545389455150143
