min_fitness,num_veh,avg_req,avg_dist,computing_time(min)
8869.207052821954,752,1.3297872340425532,868.2621928230202,18.975867065000056
