min_fitness,num_veh,avg_req,avg_dist,computing_time(min)
8186.225015409239,765,1.3071895424836601,843.3034502005921,19.909814102083327
