min_fitness,num_veh,avg_req,avg_dist,computing_time(min)
6579.513175907544,764,1.3089005235602094,829.060166623824,19.603946022583354
