min_fitness,num_veh,avg_req,avg_dist,computing_time(min)
4832.242814303275,761,1.314060446780552,843.4802204246739,18.890547042733427
