min_fitness,num_veh,avg_req,avg_dist,computing_time(min)
4578.8813851422465,748,1.3368983957219251,356.6686982637752,21.651819872366712
