min_fitness,num_veh,avg_req,avg_dist,computing_time(min)
3909.546118680799,738,1.3550135501355014,365.54132289226044,21.098298321683373
