min_fitness,num_veh,avg_req,avg_dist,computing_time(min)
3780.924095999296,739,1.3531799729364005,355.06293169549446,19.552284681249997
