min_fitness,num_veh,avg_req,avg_dist,computing_time(min)
3647.6512463214785,744,1.3440860215053763,362.5452327580305,19.570910948666643
