min_fitness,num_veh,avg_req,avg_dist,computing_time(min)
3478.6064929896274,764,1.3089005235602094,345.6988453293546,21.275374641383316
