min_fitness,num_veh,avg_req,avg_dist,computing_time(min)
3896.4147647391487,764,1.3089005235602094,321.74908716711565,17.630961464250003
