min_fitness,num_veh,avg_req,avg_dist,computing_time(min)
4979.969396525862,765,1.3071895424836601,316.3271385551917,17.35804750661667
