min_fitness,num_veh,avg_req,avg_dist,computing_time(min)
2621.7273961847777,752,1.3297872340425532,326.07773150953733,20.158422403433338
