min_fitness,num_veh,avg_req,avg_dist,computing_time(min)
5578.758848770352,761,1.314060446780552,332.36334110770656,18.977195632933338
