min_fitness,num_veh,avg_req,avg_dist,computing_time(min)
2396.1009910600596,770,1.2987012987012987,306.63943746828915,18.700628430100004
