min_fitness,num_veh,avg_req,avg_dist,computing_time(min)
2334.5961524295367,757,1.321003963011889,280.9201895296357,17.461889674683334
