min_fitness,num_veh,avg_req,avg_dist,computing_time(min)
1266.8437660012733,785,1.2738853503184713,265.0507326519118,17.532888152066665
