min_fitness,num_veh,avg_req,avg_dist,computing_time(min)
1577.7625305500178,800,1.25,260.90686276074007,17.816676691066665
