min_fitness,num_veh,avg_req,avg_dist,computing_time(min)
1475.8097018895953,774,1.2919896640826873,275.26335585514124,19.51665280486668
