min_fitness,num_veh,avg_req,avg_dist,computing_time(min)
1338.2223906325592,764,1.3089005235602094,275.2814683518647,17.064163337500002
