min_fitness,num_veh,avg_req,avg_dist,computing_time(min)
16843.912385090607,628,3.995222929936306,3240.8105067841275,60.274542958466675
