min_fitness,num_veh,avg_req,avg_dist,computing_time(min)
3750.1313786726137,755,1.3245033112582782,287.6360133599836,19.503463887250003
