min_fitness,num_veh,avg_req,avg_dist,computing_time(min)
3894.324823407092,763,1.3106159895150722,283.2011220562299,23.423374122649996
