min_fitness,num_veh,avg_req,avg_dist,computing_time(min)
2924.466417893331,765,1.3071895424836601,279.54360830038365,18.750517451800018
