min_fitness,num_veh,avg_req,avg_dist,computing_time(min)
13185.713146939575,769,1.3003901170351104,479.79162278157025,17.862319977016643
