min_fitness,num_veh,avg_req,avg_dist,computing_time(min)
7742.822713750042,748,1.3368983957219251,467.89992453762056,18.219704824433332
