min_fitness,num_veh,avg_req,avg_dist,computing_time(min)
7614.4006315943725,757,1.321003963011889,469.1766856920039,17.770234531466606
