min_fitness,num_veh,avg_req,avg_dist,computing_time(min)
7353.059618746059,755,1.3245033112582782,493.0778547228159,18.3533115511001
