min_fitness,num_veh,avg_req,avg_dist,computing_time(min)
7562.425005912696,748,1.3368983957219251,559.2117807073605,18.160035441466608
