min_fitness,num_veh,avg_req,avg_dist,computing_time(min)
1950.0125446442503,754,1.3262599469496021,282.544647427035,22.33289529766674
