min_fitness,num_veh,avg_req,avg_dist,computing_time(min)
2319.2214163855856,761,1.314060446780552,287.1611822796612,18.643025835050018
