min_fitness,num_veh,avg_req,avg_dist,computing_time(min)
6908.2924193165345,757,1.321003963011889,490.2660357504294,17.747518819833324
