min_fitness,num_veh,avg_req,avg_dist,computing_time(min)
8080.7634633684065,762,1.3123359580052494,487.8384820840536,17.97564431243336
