min_fitness,num_veh,avg_req,avg_dist,computing_time(min)
9357.391098919103,751,1.3315579227696406,483.50843633773064,17.481575415499993
