min_fitness,num_veh,avg_req,avg_dist,computing_time(min)
6608.672036673379,747,1.3386880856760375,514.8805596422549,17.93195507733335
