min_fitness,num_veh,avg_req,avg_dist,computing_time(min)
12209.729621666826,768,1.3020833333333333,432.2939558972783,18.04986763308334
