min_fitness,num_veh,avg_req,avg_dist,computing_time(min)
11038.973466389776,760,1.3157894736842106,834.3766935439951,18.032623762016616
