min_fitness,num_veh,avg_req,avg_dist,computing_time(min)
7183.302901726715,762,1.3123359580052494,843.7814152150155,18.530283833233263
