min_fitness,num_veh,avg_req,avg_dist,computing_time(min)
6046.326737413023,787,1.2706480304955527,786.7445756021228,18.45211614535001
