min_fitness,num_veh,avg_req,avg_dist,computing_time(min)
8873.385340774994,766,1.3054830287206267,819.9454517068338,18.087335493750047
