min_fitness,num_veh,avg_req,avg_dist,computing_time(min)
5455.651944598033,773,1.2936610608020698,816.876692374919,18.002259678333335
