min_fitness,num_veh,avg_req,avg_dist,computing_time(min)
4667.4342399836605,769,1.3003901170351104,785.3755439133361,37.95749003849972
