min_fitness,num_veh,avg_req,avg_dist,computing_time(min)
3824.777511789636,749,1.335113484646195,344.502461000554,23.91920017726661
