min_fitness,num_veh,avg_req,avg_dist,computing_time(min)
4600.486649205563,742,1.3477088948787062,341.3966956563559,18.034734792583187
