min_fitness,num_veh,avg_req,avg_dist,computing_time(min)
3356.967247187632,733,1.364256480218281,367.6818985702394,19.607485094633255
