min_fitness,num_veh,avg_req,avg_dist,computing_time(min)
3798.7221745686447,758,1.3192612137203166,336.0676327953035,17.819071068550087
