min_fitness,num_veh,avg_req,avg_dist,computing_time(min)
10127.175060951922,621,3.996779388083736,3664.9426505367255,21.996411483966646
