min_fitness,num_veh,avg_req,avg_dist,computing_time(min)
10430.306212031603,621,3.998389694041868,3625.106225030282,21.37320404811665
