min_fitness,num_veh,avg_req,avg_dist,computing_time(min)
10107.595716074482,642,3.9968847352024923,3663.795143462542,22.953731890966665
