min_fitness,num_veh,avg_req,avg_dist,computing_time(min)
9984.995545713751,629,3.9968203497615264,3602.8024741779564,21.827698835466677
