min_fitness,num_veh,avg_req,avg_dist,computing_time(min)
7128.030034717129,615,3.995121951219512,1868.2848044016637,41.9884189015332
