min_fitness,num_veh,avg_req,avg_dist,computing_time(min)
8621.63653281617,615,3.9983739837398375,2018.0533276695046,20.462485504766665
