min_fitness,num_veh,avg_req,avg_dist,computing_time(min)
7715.630709061066,631,3.995245641838352,2060.679328201933,64.709374235
