min_fitness,num_veh,avg_req,avg_dist,computing_time(min)
5912.966241568587,628,3.995222929936306,1970.4226927319628,59.22371964536675
