min_fitness,num_veh,avg_req,avg_dist,computing_time(min)
2331.109712562111,740,1.3513513513513513,314.718026468636,34.5771575087502
