min_fitness,num_veh,avg_req,avg_dist,computing_time(min)
2107.330296362169,758,1.3192612137203166,274.5815183981502,18.028115266566843
