min_fitness,num_veh,avg_req,avg_dist,computing_time(min)
2540.922700514794,788,1.2690355329949239,263.2799251077262,36.49358244089999
