min_fitness,num_veh,avg_req,avg_dist,computing_time(min)
3723.6325312149393,756,1.3227513227513228,275.07143075274934,20.3336247204
