min_fitness,num_veh,avg_req,avg_dist,computing_time(min)
2320.9565845157877,761,1.314060446780552,272.21172390644165,18.153185882399946
