min_fitness,num_veh,avg_req,avg_dist,computing_time(min)
1948.636007899097,756,1.3227513227513228,299.61257524982244,12.470384423816721
