min_fitness,num_veh,avg_req,avg_dist,computing_time(min)
1987.5902596631668,766,1.3054830287206267,290.8403969472896,12.465396394983205
