min_fitness,num_veh,avg_req,avg_dist,computing_time(min)
2078.4555938256244,763,1.3106159895150722,294.4736247902713,12.361603641066662
