min_fitness,num_veh,avg_req,avg_dist,computing_time(min)
1267.3460608132166,771,1.297016861219196,286.3377073004106,12.511291183316644
