min_fitness,num_veh,avg_req,avg_dist,computing_time(min)
1907.1736508981699,772,1.2953367875647668,284.9586000800331,12.24537722340004
