min_fitness,num_veh,avg_req,avg_dist,computing_time(min)
10883.225747714463,745,1.342281879194631,860.1828624534782,22.604266039399953
