min_fitness,num_veh,avg_req,avg_dist,computing_time(min)
6473.1640754119835,747,1.3386880856760375,869.3170518456066,22.512924100433157
