min_fitness,num_veh,avg_req,avg_dist,computing_time(min)
6560.734693970733,771,1.297016861219196,842.8005371576074,22.71595812241673
