min_fitness,num_veh,avg_req,avg_dist,computing_time(min)
9531.40435329783,756,1.3227513227513228,848.0628671276772,22.844159643733292
