min_fitness,num_veh,avg_req,avg_dist,computing_time(min)
6656.997540755198,761,1.314060446780552,852.9492774469327,24.082979414016638
