min_fitness,num_veh,avg_req,avg_dist,computing_time(min)
2316.9628438478353,734,1.3623978201634876,294.867652985765,13.31302418631664
