min_fitness,num_veh,avg_req,avg_dist,computing_time(min)
2494.889595907668,751,1.3315579227696406,292.1439349538804,13.406856045500051
