min_fitness,num_veh,avg_req,avg_dist,computing_time(min)
2753.5748142521597,743,1.3458950201884252,295.44946128654635,13.536540012766636
