min_fitness,num_veh,avg_req,avg_dist,computing_time(min)
2503.529662553137,741,1.349527665317139,297.88584687995365,13.424644381916611
