min_fitness,num_veh,avg_req,avg_dist,computing_time(min)
3183.188007224864,755,1.3245033112582782,285.57386207556397,13.402772184016673
