min_fitness,num_veh,avg_req,avg_dist,computing_time(min)
1571.0494741809587,785,1.2738853503184713,269.40013768145735,24.86673757031664
