min_fitness,num_veh,avg_req,avg_dist,computing_time(min)
2418.3503381017204,756,1.3227513227513228,280.8294585205671,18.051169362833328
