min_fitness,num_veh,avg_req,avg_dist,computing_time(min)
2624.452427190594,764,1.3089005235602094,283.96949008170265,17.64382362314997
