min_fitness,num_veh,avg_req,avg_dist,computing_time(min)
4012.92777474265,750,1.3333333333333333,352.17994447343705,18.40355126805007
