min_fitness,num_veh,avg_req,avg_dist,computing_time(min)
5315.212599315335,751,1.3315579227696406,344.1469175646536,18.67816851809997
