min_fitness,num_veh,avg_req,avg_dist,computing_time(min)
4480.794881297619,747,1.3386880856760375,337.1604704765524,18.422379480033307
