min_fitness,num_veh,avg_req,avg_dist,computing_time(min)
4597.278888206154,739,1.3531799729364005,373.50237785859196,18.205692481349978
