min_fitness,num_veh,avg_req,avg_dist,computing_time(min)
4249.962357544082,755,1.3245033112582782,355.44410493755214,19.1501976063666
