min_fitness,num_veh,avg_req,avg_dist,computing_time(min)
7059.472262503371,755,1.3245033112582782,507.43355769681324,22.342829530600042
