min_fitness,num_veh,avg_req,avg_dist,computing_time(min)
7357.844684460761,747,1.3386880856760375,496.06637367313215,23.072586923666677
