min_fitness,num_veh,avg_req,avg_dist,computing_time(min)
6456.84592643304,741,1.349527665317139,512.7701768059868,21.252677183283232
