min_fitness,num_veh,avg_req,avg_dist,computing_time(min)
7465.355341107624,735,1.3605442176870748,548.0621374363875,22.129868781499923
