min_fitness,num_veh,avg_req,avg_dist,computing_time(min)
7764.576193302673,760,1.3157894736842106,580.8220985452015,22.939703855633223
