min_fitness,num_veh,avg_req,avg_dist,computing_time(min)
1795.6261768681452,740,1.3513513513513513,290.8306184775501,19.136327603250052
