min_fitness,num_veh,avg_req,avg_dist,computing_time(min)
1657.962232567987,771,1.297016861219196,285.70789107511416,19.573480571733306
