min_fitness,num_veh,avg_req,avg_dist,computing_time(min)
1547.9774559213379,786,1.272264631043257,274.73074248254176,20.530403362000047
