min_fitness,num_veh,avg_req,avg_dist,computing_time(min)
1657.31524628792,765,1.3071895424836601,281.1285339172788,19.943769812150034
