min_fitness,num_veh,avg_req,avg_dist,computing_time(min)
1427.392990687768,747,1.3386880856760375,291.5657709861352,20.086080140300087
