min_fitness,num_veh,avg_req,avg_dist,computing_time(min)
5971.075073501142,770,1.2987012987012987,816.9800600023582,34.29829654744996
