min_fitness,num_veh,avg_req,avg_dist,computing_time(min)
6997.330127759694,757,1.321003963011889,839.1812021527609,26.90502569508329
