min_fitness,num_veh,avg_req,avg_dist,computing_time(min)
2710.279210004927,753,1.3280212483399734,340.3147950585318,208.55973311916654
