min_fitness,num_veh,avg_req,avg_dist,computing_time(min)
2965.5650680807053,754,1.3262599469496021,334.4738356711474,163.04668807926646
