min_fitness,num_veh,avg_req,avg_dist,computing_time(min)
4296.42933831691,737,1.3568521031207599,350.55033005996177,81.55405945271632
