min_fitness,num_veh,avg_req,avg_dist,computing_time(min)
4872.772645648736,742,1.3477088948787062,360.9120017194097,40.022349930999916
