min_fitness,num_veh,avg_req,avg_dist,computing_time(min)
4724.995576349283,766,1.3054830287206267,337.734975675008,120.2448759590164
