min_fitness,num_veh,avg_req,avg_dist,computing_time(min)
1722.215675300437,769,1.3003901170351104,276.32069737069514,24.80490698641667
