min_fitness,num_veh,avg_req,avg_dist,computing_time(min)
1767.9345696104342,798,1.2531328320802004,265.3894976741408,22.867689210849978
