min_fitness,num_veh,avg_req,avg_dist,computing_time(min)
1823.9027965881132,763,1.3106159895150722,274.2614006512909,18.20238751281674
