min_fitness,num_veh,avg_req,avg_dist,computing_time(min)
1557.3424012813148,747,1.3386880856760375,294.1534177041468,13.575127487533125
