min_fitness,num_veh,avg_req,avg_dist,computing_time(min)
1667.5936082907435,760,1.3157894736842106,290.3265931042936,13.73302244776666
