min_fitness,num_veh,avg_req,avg_dist,computing_time(min)
1767.0742955278329,780,1.2820512820512822,276.8937399217006,13.690139281416487
