min_fitness,num_veh,avg_req,avg_dist,computing_time(min)
1785.3681091187352,743,1.3458950201884252,296.2245612710112,13.50837187704989
