min_fitness,num_veh,avg_req,avg_dist,computing_time(min)
1773.4211890871688,748,1.3368983957219251,289.54524617189185,13.197708429499956
