min_fitness,num_veh,avg_req,avg_dist,computing_time(min)
4849.689223561149,768,1.3020833333333333,828.4699787098506,22.875576616300048
