min_fitness,num_veh,avg_req,avg_dist,computing_time(min)
5908.057784227509,763,1.3106159895150722,826.3507921016483,18.507110047700067
