min_fitness,num_veh,avg_req,avg_dist,computing_time(min)
4480.485133413848,790,1.2658227848101267,788.2596485729704,21.34476859681672
