min_fitness,num_veh,avg_req,avg_dist,computing_time(min)
4042.0913026314643,781,1.2804097311139564,793.179717179674,19.75179777291681
