min_fitness,num_veh,avg_req,avg_dist,computing_time(min)
3055.301423391747,780,1.2820512820512822,786.6770969644537,24.666845308649986
