min_fitness,num_veh,avg_req,avg_dist,computing_time(min)
3747.426750446539,752,1.3297872340425532,352.68745892206465,17.572648971083346
