min_fitness,num_veh,avg_req,avg_dist,computing_time(min)
3813.8622143138386,744,1.3440860215053763,362.7328506680199,17.60097819696666
