min_fitness,num_veh,avg_req,avg_dist,computing_time(min)
3310.133263906856,741,1.349527665317139,363.9816442643329,18.267123853750004
