min_fitness,num_veh,avg_req,avg_dist,computing_time(min)
3471.4529705963523,747,1.3386880856760375,365.8873196022496,18.456620637799976
