min_fitness,num_veh,avg_req,avg_dist,computing_time(min)
2907.8781904317625,758,1.3192612137203166,350.621493941897,17.71505416313333
