min_fitness,num_veh,avg_req,avg_dist,computing_time(min)
1508.09144496119,735,1.3605442176870748,312.54377250929156,35.247174428166666
