min_fitness,num_veh,avg_req,avg_dist,computing_time(min)
2748.1877240446206,748,1.3368983957219251,310.9900734917172,12.768910269150002
