min_fitness,num_veh,avg_req,avg_dist,computing_time(min)
2111.5663254731226,740,1.3513513513513513,315.65303815689833,12.938068125150009
