min_fitness,num_veh,avg_req,avg_dist,computing_time(min)
3997.0051238024685,740,1.3513513513513513,316.8578285223107,12.8072032961667
