min_fitness,num_veh,avg_req,avg_dist,computing_time(min)
2343.748228886973,749,1.335113484646195,303.30171026370937,12.8116714575833
