min_fitness,num_veh,avg_req,avg_dist,computing_time(min)
2772.300270954547,751,1.3315579227696406,302.682062068813,12.753151100783361
