min_fitness,num_veh,avg_req,avg_dist,computing_time(min)
2044.88042214257,733,1.364256480218281,316.83202037424155,13.18079642366647
