min_fitness,num_veh,avg_req,avg_dist,computing_time(min)
3621.786336636034,750,1.3333333333333333,305.1449766318765,13.315177488300105
