min_fitness,num_veh,avg_req,avg_dist,computing_time(min)
1820.635795531658,737,1.3568521031207599,314.0883960908862,13.175626121466728
