min_fitness,num_veh,avg_req,avg_dist,computing_time(min)
2925.5515631851367,740,1.3513513513513513,310.2140348350118,13.388899743016616
