min_fitness,num_veh,avg_req,avg_dist,computing_time(min)
2617.318600645367,746,1.3404825737265416,306.41772258329496,13.155273643533292
