min_fitness,num_veh,avg_req,avg_dist,computing_time(min)
2930.266475295248,768,1.3020833333333333,291.6153436817696,38.35459961956658
