min_fitness,num_veh,avg_req,avg_dist,computing_time(min)
6201.652448963616,250,4.0,1114.0261322917156,15.245550564133252
