min_fitness,num_veh,avg_req,avg_dist,computing_time(min)
6166.552026394271,250,4.0,1154.179308470446,15.269956854233412
