min_fitness,num_veh,avg_req,avg_dist,computing_time(min)
6090.824172262674,250,4.0,1134.2905570074076,15.42343015410006
