min_fitness,num_veh,avg_req,avg_dist,computing_time(min)
5864.30297777301,250,4.0,1135.494326615092,15.019949238166737
