min_fitness,num_veh,avg_req,avg_dist,computing_time(min)
6093.386845144196,250,4.0,1107.0306057554126,15.01796778893331
