min_fitness,num_veh,avg_req,avg_dist,computing_time(min)
1495.0382046581703,770,1.2987012987012987,286.15105095324196,62.15359750506674
