min_fitness,num_veh,avg_req,avg_dist,computing_time(min)
1979.83987009843,763,1.3106159895150722,292.2861597549776,18.033122666033332
