min_fitness,num_veh,avg_req,avg_dist,computing_time(min)
1720.3063092350747,770,1.2987012987012987,288.0148922126115,18.748515692566677
