min_fitness,num_veh,avg_req,avg_dist,computing_time(min)
1460.1194529685795,733,1.364256480218281,313.7079997883251,17.91511797013333
