min_fitness,num_veh,avg_req,avg_dist,computing_time(min)
1496.1418065481662,755,1.3245033112582782,294.7043630663134,18.130424330249994
