min_fitness,num_veh,avg_req,avg_dist,computing_time(min)
1384.426438841862,748,1.3368983957219251,300.5929823762403,17.569410097500015
