min_fitness,num_veh,avg_req,avg_dist,computing_time(min)
6085.802108887498,628,3.995222929936306,1921.0768845325133,59.72621145789999
