min_fitness,num_veh,avg_req,avg_dist,computing_time(min)
2457.8386469498737,745,1.342281879194631,282.12902897138486,23.236290139283422
