min_fitness,num_veh,avg_req,avg_dist,computing_time(min)
2422.2701531693538,753,1.3280212483399734,285.205826088307,12.268596709000121
