min_fitness,num_veh,avg_req,avg_dist,computing_time(min)
2146.488921479991,764,1.3089005235602094,280.2282017934479,12.811664314333273
