min_fitness,num_veh,avg_req,avg_dist,computing_time(min)
2057.095590773153,781,1.2804097311139564,273.96764239581387,12.791846575333329
