min_fitness,num_veh,avg_req,avg_dist,computing_time(min)
2897.844572468097,769,1.3003901170351104,279.0176376748932,12.422339973016642
