min_fitness,num_veh,avg_req,avg_dist,computing_time(min)
2533.1891043056225,761,1.314060446780552,279.3794576912433,12.24186015331652
