min_fitness,num_veh,avg_req,avg_dist,computing_time(min)
6218.060431270831,767,1.303780964797914,318.09265713834213,20.99766067878348
