min_fitness,num_veh,avg_req,avg_dist,computing_time(min)
3450.057909690813,776,1.288659793814433,303.9548682193926,29.865764528199847
