min_fitness,num_veh,avg_req,avg_dist,computing_time(min)
4468.791436993366,747,1.3386880856760375,327.962121543718,21.30757980915005
