min_fitness,num_veh,avg_req,avg_dist,computing_time(min)
4921.99209402028,754,1.3262599469496021,327.5346718638095,21.018545357983385
