min_fitness,num_veh,avg_req,avg_dist,computing_time(min)
4531.0915194639365,769,1.3003901170351104,315.004662314863,23.565215888333235
