min_fitness,num_veh,avg_req,avg_dist,computing_time(min)
3055.368285890455,762,1.3123359580052494,270.5672592751479,30.462241468650003
