min_fitness,num_veh,avg_req,avg_dist,computing_time(min)
7280.205689046254,738,1.3550135501355014,887.2856020606091,0.27450457046667603
