min_fitness,num_veh,avg_req,avg_dist,computing_time(min)
3990.940004714624,754,1.3262599469496021,858.5637765777375,18.078527396749998
